Date,hs300
2005-01-04,-0.017206000000000055
2005-01-05,0.009941045631129295
2005-01-06,-0.009460347141343028
2005-01-07,0.0007974173442339971
2005-01-10,0.010082747434341677
2005-01-11,0.003276052718691025
2005-01-12,-0.0003881119407100897
2005-01-13,0.00012942087669087776
2005-01-14,-0.008597851088950725
2005-01-17,-0.02110075219618224
2005-01-18,0.007480474483488653
2005-01-19,-0.007673216790176073
2005-01-20,-0.011336731423372435
2005-01-21,0.02756511145156315
2005-01-24,0.015803925080703832
2005-01-25,-0.00035866963621089537
2005-01-26,-0.007864498509182916
2005-01-27,-0.015452638979804643
2005-01-28,-0.00556313107216988
2005-01-31,-0.014785252716390309
2005-02-01,0.0011226553311989298
2005-02-02,0.053310263810592895
2005-02-03,-0.013603955853186855
2005-02-04,0.023804513624945182
2005-02-16,0.006614492879045032
2005-02-17,-0.00290938506268168
2005-02-18,-0.014257215810998591
2005-02-21,0.019460168678650858
2005-02-22,0.020583386064995768
2005-02-23,-0.002674961595194203
2005-02-24,0.0014521851746838175
2005-02-25,0.0012444282899393144
2005-02-28,-0.006469480616874246
2005-03-01,-0.003899079701804585
2005-03-02,-0.014107076319533784
2005-03-03,0.006256609094113408
2005-03-04,-0.003933989160366247
2005-03-07,0.006060564617204722
2005-03-08,0.018561547999701
2005-03-09,-0.0023289135137041232
2005-03-10,-0.023057797856564144
2005-03-11,0.004906040905191977
2005-03-14,0.0035009718433098858
2005-03-15,-0.01697629351733132
2005-03-16,-0.010318463419182413
2005-03-17,-0.01017082641703182
2005-03-18,-0.014300059524828825
2005-03-21,0.0032983707397322704
2005-03-22,-0.01819852061273486
2005-03-23,-0.005201115324929728
2005-03-24,0.006038518889271316
2005-03-25,-0.0019133479339262798
2005-03-28,-0.002345904014206313
2005-03-29,-0.005731261502077589
2005-03-30,-0.01900773668066047
2005-03-31,0.00551634198972506
2005-04-01,0.03814676879610879
2005-04-04,-0.016333979113526076
2005-04-05,-0.0068283293562039216
2005-04-06,0.018909625177114364
2005-04-07,0.011364243253347173
2005-04-08,0.019002105139159564
2005-04-11,-0.007996452222094884
2005-04-12,-0.016800931465179136
2005-04-13,0.022686285949583995
2005-04-14,-0.013912478769107728
2005-04-15,-0.013063147496137241
2005-04-18,-0.010584324522986743
2005-04-19,0.002193464844382209
2005-04-20,-0.015549454076360991
2005-04-21,-0.0072418119463605315
2005-04-22,-0.0051695955744871505
2005-04-25,-0.009616644003147656
2005-04-26,0.007540292666143422
2005-04-27,-0.011182574008919087
2005-04-28,0.016694294434299817
2005-04-29,-0.010273089240430357
2005-05-09,-0.0249046809560326
2005-05-10,0.004291807728773689
2005-05-11,-0.012293609732377142
2005-05-12,-0.017775663607402903
2005-05-13,0.0019450904246911536
2005-05-16,-0.013826935709030486
2005-05-17,0.007073237888608253
2005-05-18,0.001967186333613924
2005-05-19,0.0011039452171432984
2005-05-20,-0.0015924521387831179
2005-05-23,-0.022001375227552637
2005-05-24,0.0059246578119189755
2005-05-25,-5.757344068046955e-06
2005-05-26,-0.012804406926815727
2005-05-27,-0.009124830433053231
2005-05-30,0.007185335511849189
2005-05-31,0.0003903638565143641
2005-06-01,-0.021513039373979196
2005-06-02,-0.022868379954437582
2005-06-03,-0.0004227869972225351
2005-06-06,0.02562732799288048
2005-06-07,-0.0020441074282744327
2005-06-08,0.08180159133959641
2005-06-09,0.007541624667549263
2005-06-10,-0.019776376171921184
2005-06-13,-0.0017852431820927215
2005-06-14,-0.01055143629214772
2005-06-15,-0.018904697822502148
2005-06-16,0.014308391226001803
2005-06-17,0.001260183545505944
2005-06-20,0.029431643276215613
2005-06-21,-0.011132628233775144
2005-06-22,0.004999073832303358
2005-06-23,-0.007854362313272856
2005-06-24,0.005292242818709658
2005-06-27,0.019750618111301188
2005-06-28,-0.013456791875490535
2005-06-29,-0.005331320901699188
2005-06-30,-0.022485309790432284
2005-07-01,-0.02184170454519585
2005-07-04,-0.004144298854907635
2005-07-05,-0.007305486884472191
2005-07-06,-0.008383165877937304
2005-07-07,0.002579057059708845
2005-07-08,-0.018041288981436643
2005-07-11,-0.006500387588021073
2005-07-12,0.03363560357579276
2005-07-13,-0.006556580294335923
2005-07-14,0.003969365338778674
2005-07-15,-0.01010958226909453
2005-07-18,-0.00951960818120312
2005-07-19,0.003136873570669607
2005-07-20,0.008416625977731185
2005-07-21,0.0015973587803108644
2005-07-22,0.018609291375341064
2005-07-25,-0.003295362414257097
2005-07-26,0.022897556193543837
2005-07-27,0.020002738225629813
2005-07-28,-0.003497715914327681
2005-07-29,-0.003054266263322392
2005-08-01,0.0038765363153652204
2005-08-02,0.013448750402363265
2005-08-03,0.006609133707688786
2005-08-04,-0.005958859680948225
2005-08-05,0.021736437538019127
2005-08-08,0.003970543503322599
2005-08-09,0.006057332250819725
2005-08-10,0.00780311417238866
2005-08-11,0.014485787509171956
2005-08-12,-0.01643200362267183
2005-08-15,0.01725005222121334
2005-08-16,-0.009894164705783748
2005-08-17,0.008416414653915405
2005-08-18,-0.03393556429509792
2005-08-19,0.002570950969456032
2005-08-22,0.009354977801564024
2005-08-23,-0.008864698236398459
2005-08-24,0.00783722144130361
2005-08-25,-0.0005727173774056071
2005-08-26,-0.0019997462687529888
2005-08-29,-0.011728420331416524
2005-08-30,-0.0027153681553045983
2005-08-31,0.014248863238894847
2005-09-01,0.017935890748731476
2005-09-02,0.0035063982239331715
2005-09-05,0.0051125100356483886
2005-09-06,-0.016906384582200173
2005-09-07,0.01724090069505979
2005-09-08,0.0026491512010395897
2005-09-09,-0.0065080259022990425
2005-09-12,0.00046466785731213983
2005-09-13,0.015026761284288925
2005-09-14,0.006660275126741277
2005-09-15,-0.0006132800380955762
2005-09-16,-0.002168940117450724
2005-09-19,0.0037633269422581157
2005-09-20,-0.009490946685119295
2005-09-21,-0.018204235491761755
2005-09-22,-0.022378039999661148
2005-09-23,-0.00771168688818269
2005-09-26,0.0025443320664428892
2005-09-27,-0.015537542801461026
2005-09-28,-0.000547436779346433
2005-09-29,0.01356173766403046
2005-09-30,0.0015469854526597435
2005-10-10,-0.01097785897413539
2005-10-11,0.013665505372409514
2005-10-12,0.004093637193928634
2005-10-13,-0.007564822384770742
2005-10-14,-0.012734329224581842
2005-10-17,-0.007962839346262407
2005-10-18,0.005283955513617489
2005-10-19,-0.004013892367398575
2005-10-20,0.0013029294215036735
2005-10-21,0.004999361050765927
2005-10-24,0.002474530469453118
2005-10-25,-0.013654632648469334
2005-10-26,-0.020633543262005283
2005-10-27,3.311182663101597e-05
2005-10-28,-0.009271004476799072
2005-10-31,0.009856764035776068
2005-11-01,-0.0038994296356652533
2005-11-02,0.01101315781936485
2005-11-03,-0.008955464045562467
2005-11-04,0.0043289597804647695
2005-11-07,-0.0012329782401541145
2005-11-08,0.00483997091001931
2005-11-09,-0.0025773546721360448
2005-11-10,-0.018520287699089644
2005-11-11,0.002111318148529273
2005-11-14,-0.0030539206050023138
2005-11-15,-0.00639564622820421
2005-11-16,0.007569151388864714
2005-11-17,-0.0005341094333458639
2005-11-18,0.02270076901854501
2005-11-21,0.0018475677280924696
2005-11-22,-0.016126787732599013
2005-11-23,0.00760334722067313
2005-11-24,0.006007561950129414
2005-11-25,0.0029631545570980573
2005-11-28,-0.004454222066383462
2005-11-29,-0.010062863070303796
2005-11-30,0.002886458321378349
2005-12-01,-0.0008674505764885153
2005-12-02,-0.0035862081604275398
2005-12-05,-0.011869838700778068
2005-12-06,0.007520852479612872
2005-12-07,0.008963426954940346
2005-12-08,0.00024947415882592416
2005-12-09,0.015218704522364625
2005-12-12,0.0013072514137473235
2005-12-13,0.0006561487780776254
2005-12-14,0.01018107054204198
2005-12-15,-0.0019139278051735211
2005-12-16,0.006834859008025162
2005-12-19,0.0003866774655674199
2005-12-20,0.004881992668150703
2005-12-21,-0.0046003716447816645
2005-12-22,0.0062116340251388005
2005-12-23,0.007852510140258007
2005-12-26,0.007083820109401895
2005-12-27,-0.003271977432245832
2005-12-28,0.0016957448659937755
2005-12-29,0.012066207777231108
2005-12-30,-0.00920570238543561
2006-01-04,0.019467194252862363
2006-01-05,0.018807598669255743
2006-01-06,0.011362333104654844
2006-01-09,0.005382296666501807
2006-01-10,0.0029746127415142265
2006-01-11,-0.004781455680802793
2006-01-12,0.010517968067042194
2006-01-13,-0.004988228309796727
2006-01-16,-0.017746056687259704
2006-01-17,0.0029653467354662233
2006-01-18,0.020047910898173704
2006-01-19,0.007726545359904469
2006-01-20,0.0021367564481014067
2006-01-23,0.002840920530734703
2006-01-24,0.002942292518686607
2006-01-25,0.010513535776949691
2006-02-06,0.0234123120413392
2006-02-07,-0.0031909519044088785
2006-02-08,0.003043875499181059
2006-02-09,-0.013041685381076862
2006-02-10,0.012493146815561795
2006-02-13,-0.0007003526949048711
2006-02-14,0.006705027267950968
2006-02-15,0.0030129095809370288
2006-02-16,-0.020677572336463057
2006-02-17,0.00024212813970114766
2006-02-20,0.0012456290279585502
2006-02-21,0.016813179606494973
2006-02-22,-0.000896212611280589
2006-02-23,0.003360680614904465
2006-02-24,0.0077503449772557955
2006-02-27,-0.0015236639592012267
2006-02-28,0.004929164141643128
2006-03-01,0.003427317879222347
2006-03-02,-0.016990987290593895
2006-03-03,0.002898910718171166
2006-03-06,-0.002691813297211909
2006-03-07,-0.023005699445456832
2006-03-08,-0.00561788343138192
2006-03-09,-0.004881741375705739
2006-03-10,0.004533307313032253
2006-03-13,0.010870287056062187
2006-03-14,-0.0015609924460515678
2006-03-15,0.01049424908079577
2006-03-16,-0.0013042320483441785
2006-03-17,-0.003504227259988002
2006-03-20,0.013324023573873413
2006-03-21,0.002985566549319252
2006-03-22,0.006638437214450565
2006-03-23,0.0008313718303354367
2006-03-24,-0.0056612213016802295
2006-03-27,0.007774786327655603
2006-03-28,0.005020429101547652
2006-03-29,0.008818332130661409
2006-03-30,-0.009067919278621715
2006-03-31,0.005166563411182157
2006-04-03,0.017184248620284004
2006-04-04,0.009310474538645641
2006-04-05,0.009729467738722521
2006-04-06,0.0029700810022093016
2006-04-07,-7.523315479818217e-05
2006-04-10,0.013376192263274243
2006-04-11,0.0048286534694206296
2006-04-12,-0.005550570279923117
2006-04-13,-0.020722011900744297
2006-04-14,0.022562789953607387
2006-04-17,0.005191278080684203
2006-04-18,0.006107181162810171
2006-04-19,0.006152317593948853
2006-04-20,-0.0033911974704828873
2006-04-21,0.01302648757339897
2006-04-24,-0.005621507225289979
2006-04-25,-0.0006720935890323076
2006-04-26,0.012081300955400165
2006-04-27,-0.0003962877014103139
2006-04-28,0.014783582683844719
2006-05-08,0.03932112250041997
2006-05-09,0.027219940169642687
2006-05-10,0.011442852451760022
2006-05-11,-0.008608670443064459
2006-05-12,0.032845299135083834
2006-05-15,0.0431226215171836
2006-05-16,-0.01555147153987524
2006-05-17,0.003302464753550893
2006-05-18,-0.00323618537456849
2006-05-19,0.026213922615743183
2006-05-22,0.0055464582676048035
2006-05-23,-0.04078114603610461
2006-05-24,-0.0071429980859922795
2006-05-25,-0.0004165895912224826
2006-05-26,0.01783517129732659
2006-05-29,0.026499977460894497
2006-05-30,0.009122500900246909
2006-05-31,-0.00965000333634092
2006-06-01,0.02741072363636632
2006-06-02,-0.009097719760578049
2006-06-05,0.009385547680913042
2006-06-06,-0.002865668493254092
2006-06-07,-0.056398135428712866
2006-06-08,0.004352262062832901
2006-06-09,-0.023977755303817072
2006-06-12,0.002692814396705323
2006-06-13,0.00046699083742396397
2006-06-14,-0.01108855127877273
2006-06-15,0.0011722279340746766
2006-06-16,0.025381500484290772
2006-06-19,0.012809462750662082
2006-06-20,0.0024945819627490984
2006-06-21,-0.003505394840770171
2006-06-22,-0.001484028879696786
2006-06-23,0.005927664914576969
2006-06-26,0.017893218539605238
2006-06-27,0.00035425802746491536
2006-06-28,-0.0007412588643121997
2006-06-29,0.02365496722027172
2006-06-30,-0.0008321840925967773
2006-07-03,0.018913701439708275
2006-07-04,-0.006558344269774308
2006-07-05,-0.012759627303221109
2006-07-06,0.018424863012371118
2006-07-07,-0.005812465857225835
2006-07-10,0.001201762017088326
2006-07-11,0.004568295702077174
2006-07-12,0.00043987804663125907
2006-07-13,-0.05151567891465547
2006-07-14,0.008202286923291835
2006-07-17,0.011144850636896077
2006-07-18,0.0008467820097446398
2006-07-19,-0.02677411650949157
2006-07-20,0.006396617199493582
2006-07-21,0.00805757385180117
2006-07-24,0.0015405229813729715
2006-07-25,0.011816316943544123
2006-07-26,-0.0020921720020085077
2006-07-27,-0.011485493639224242
2006-07-28,-0.010440081295715052
2006-07-31,-0.035086659912494045
2006-08-01,-0.009480595335958129
2006-08-02,-0.005435795756351003
2006-08-03,-0.0026225640896941904
2006-08-04,-0.02346069649237581
2006-08-07,-0.01433761599087835
2006-08-08,0.02310591764411773
2006-08-09,-0.0008687417457556856
2006-08-10,0.016123257609298447
2006-08-11,0.003288312060106602
2006-08-14,-0.02346482666930061
2006-08-15,0.016168949548093003
2006-08-16,0.013985715673813015
2006-08-17,-0.009302202378216329
2006-08-18,-0.002957628298235204
2006-08-21,0.0021264076803069187
2006-08-22,0.01157440565670953
2006-08-23,0.0003205557128942438
2006-08-24,0.005227583846680428
2006-08-25,0.002349116102509763
2006-08-28,0.023510985096149014
2006-08-29,0.003213680731642077
2006-08-30,0.0033950930530652896
2006-08-31,0.0030142259777876657
2006-09-01,-0.015384397031733887
2006-09-04,0.014523946987289982
2006-09-05,0.0025717091059740405
2006-09-06,0.004240379150312945
2006-09-07,-0.01336188424107243
2006-09-08,0.002842566530435242
2006-09-11,0.004955887199143083
2006-09-12,0.006636016298725122
2006-09-13,-0.006866082088749281
2006-09-14,-8.069420929379678e-05
2006-09-15,0.01796637171051141
2006-09-18,0.009719434905991477
2006-09-19,0.001996273525821657
2006-09-20,0.00010882900713848898
2006-09-21,0.006464465029427657
2006-09-22,-0.00902282736400517
2006-09-25,-0.001784192043943755
2006-09-26,-0.010749789237677887
2006-09-27,0.009922321429886694
2006-09-28,0.011585444568187777
2006-09-29,0.011725289509315841
2006-10-09,0.023380473395973045
2006-10-10,0.000815417589901335
2006-10-11,-0.0009316435263297953
2006-10-12,-0.006550568073397489
2006-10-13,0.003071854188573475
2006-10-16,-0.0086415232003757
2006-10-17,-0.0028684887103925805
2006-10-18,0.01636327387079617
2006-10-19,0.001240963193337663
2006-10-20,0.0005592697396166192
2006-10-23,-0.021849321821825415
2006-10-24,0.022246515441377568
2006-10-25,0.004701907011820383
2006-10-26,0.006407132859882925
2006-10-27,-0.011705966987044179
2006-10-30,0.004995656856954246
2006-10-31,0.01260787463206281
2006-11-01,0.010198890658960735
2006-11-02,0.00016695856250703578
2006-11-03,0.005835815892342611
2006-11-06,0.013169467530207646
2006-11-07,0.005446680164547635
2006-11-08,-0.011827025058966932
2006-11-09,0.01771557757348452
2006-11-10,-0.013544835293700984
2006-11-13,-0.01880441098837671
2006-11-14,0.012194915363343828
2006-11-15,0.02743784878054001
2006-11-16,-0.0009604094967167187
2006-11-17,0.018780555251198816
2006-11-20,0.019892656220792167
2006-11-21,0.01198311780752448
2006-11-22,0.007305943436776818
2006-11-23,0.0067030863999881785
2006-11-24,0.0010190138441532604
2006-11-27,0.009300492490437406
2006-11-28,-0.004714248265983656
2006-11-29,0.014068006720137529
2006-11-30,0.0283215227017255
2006-12-01,0.008671467686445887
2006-12-04,0.029789084583605293
2006-12-05,0.00757832716359963
2006-12-06,-0.008259806011600479
2006-12-07,-0.002077653785438005
2006-12-08,-0.03611505005873683
2006-12-11,0.045770467590255486
2006-12-12,0.007186897320780039
2006-12-13,0.0005924157471648428
2006-12-14,0.017898878846205113
2006-12-15,0.017151714218337055
2006-12-18,0.0259536654894208
2006-12-19,0.0027848117120747857
2006-12-20,0.00786023428213367
2006-12-21,-0.014232548964729587
2006-12-22,-0.006988530554195016
2006-12-25,0.022926245645279453
2006-12-26,-0.00044659801640345437
2006-12-27,0.023030711398703385
2006-12-28,-0.0014847113562767025
2006-12-29,0.030866701044934382
2007-01-04,0.012760607668515169
2007-01-05,0.0028015202032611874
2007-01-08,0.02830502252177292
2007-01-09,0.03215022265424872
2007-01-10,0.025399007129721433
2007-01-11,-0.010787839887657856
2007-01-12,-0.02593710692951201
2007-01-15,0.05225769144247239
2007-01-16,0.029087036394207733
2007-01-17,-0.019093205498679988
2007-01-18,0.003535835414743671
2007-01-19,0.03409355248705825
2007-01-22,0.03973969290841395
2007-01-23,0.0067502557888150525
2007-01-24,0.011282509279821884
2007-01-25,-0.032958554313388684
2007-01-26,0.024498630358145368
2007-01-29,0.025466369429691715
2007-01-30,-0.00971432141586237
2007-01-31,-0.06526511393151102
2007-02-01,0.004123949046989095
2007-02-02,-0.04056869402280916
2007-02-05,-0.011403814529397982
2007-02-06,0.019474891462573533
2007-02-07,0.02320642130533135
2007-02-08,0.01722264490437331
2007-02-09,-0.005540527030396203
2007-02-12,0.03677012570680094
2007-02-13,0.014982747188371224
2007-02-14,0.026051779293832174
2007-02-15,0.031017455528601363
2007-02-16,0.003036011321152277
2007-02-26,0.01155923167590367
2007-02-27,-0.09239805648829467
2007-02-28,0.03543409296958022
2007-03-01,-0.027913153140549096
2007-03-02,0.0142245296627026
2007-03-05,-0.013203100055844795
2007-03-06,0.018050933791564642
2007-03-07,0.02743450860673735
2007-03-08,0.014749930100608656
2007-03-09,-0.006179332706659602
2007-03-12,0.001830057750786596
2007-03-13,0.009172562048672672
2007-03-14,-0.01621562862074355
2007-03-15,0.01855309069950728
2007-03-16,-0.015618704040678109
2007-03-19,0.021191325176847187
2007-03-20,0.005022912951091253
2007-03-21,0.011159205184432251
2007-03-22,0.003228376261795507
2007-03-23,0.0018234647157364672
2007-03-26,0.017585906534927087
2007-03-27,0.007231821316235677
2007-03-28,0.004894356117029153
2007-03-29,-0.005127162127915308
2007-03-30,-0.0005464726287631727
2007-04-02,0.024560857349096743
2007-04-03,0.013335639679492584
2007-04-04,0.008208121906503106
2007-04-05,0.011410042032116818
2007-04-06,0.00915537793140664
2007-04-09,0.022262389603258104
2007-04-10,0.01428358894756454
2007-04-11,0.012899601761181323
2007-04-12,0.017658560371432763
2007-04-13,-0.002267949907396205
2007-04-16,0.02737728655482252
2007-04-17,0.008478506436429
2007-04-18,0.006364043898107186
2007-04-19,-0.04666302113390197
2007-04-20,0.04411607391416017
2007-04-23,0.04318146027005288
2007-04-24,0.004044510010439151
2007-04-25,0.0008954497799253948
2007-04-26,0.01313698042589917
2007-04-27,-0.006600104591821365
2007-04-30,0.02541000304565033
2007-05-08,0.035777300138898786
2007-05-09,0.004136428623749522
2007-05-10,0.006277022768087948
2007-05-11,-0.005879431119798384
2007-05-14,0.00859069219243058
2007-05-15,-0.03475345569057575
2007-05-16,0.026535550330185842
2007-05-17,0.021165385279574345
2007-05-18,-0.000522944314105378
2007-05-21,0.0145140017724803
2007-05-22,0.010190938505414191
2007-05-23,0.01768665406360803
2007-05-24,-0.004873640022899584
2007-05-25,0.016711278378099825
2007-05-28,0.02191229061549937
2007-05-29,0.023501330115715424
2007-05-30,-0.06761287425128149
2007-05-31,0.01067629942834869
2007-06-01,-0.03156810470189042
2007-06-04,-0.07689972065908267
2007-06-05,0.035085980615879864
2007-06-06,0.011816048552907521
2007-06-07,0.033914693901968114
2007-06-08,0.009353013330864579
2007-06-11,0.02449146882890929
2007-06-12,0.026513392382540246
2007-06-13,0.02035599137684341
2007-06-14,-0.010307002846827841
2007-06-15,0.005780430494862321
2007-06-18,0.031270086874091614
2007-06-19,0.00601551388043564
2007-06-20,-0.022431460145779455
2007-06-21,0.009544210492642424
2007-06-22,-0.03474964739069108
2007-06-25,-0.042907361506787985
2007-06-26,0.013055274023298093
2007-06-27,0.028580680324615807
2007-06-28,-0.0450347037632125
2007-06-29,-0.024476729690798726
2007-07-02,-0.0017063939695192154
2007-07-03,0.019845355680603968
2007-07-04,-0.023131458548775963
2007-07-05,-0.055066778288815336
2007-07-06,0.048862523268978775
2007-07-09,0.02992197630207727
2007-07-10,-0.011954302486430035
2007-07-11,0.0037750081377341256
2007-07-12,0.007136648870120776
2007-07-13,0.0008391580543585242
2007-07-16,-0.03197749601845379
2007-07-17,0.024793359376478863
2007-07-18,0.004729459256274549
2007-07-19,-0.00015154006199225026
2007-07-20,0.043311565520014916
2007-07-23,0.046536857571872765
2007-07-24,0.0011136176261925532
2007-07-25,0.022615486505347168
2007-07-26,0.01121429090089632
2007-07-27,0.0009197838345318401
2007-07-30,0.023949518276964454
2007-07-31,0.011397645101905995
2007-08-01,-0.03813127667263616
2007-08-02,0.03396242422462592
2007-08-03,0.036559959532860516
2007-08-06,0.02296570160919753
2007-08-07,0.004371400923132152
2007-08-08,-0.011950352065499437
2007-08-09,0.023392665989301342
2007-08-10,-0.01059241586122328
2007-08-13,-0.001161702614708826
2007-08-14,0.01575364865483131
2007-08-15,0.0006635293254104724
2007-08-16,-0.01600583485282625
2007-08-17,-0.02019486897551903
2007-08-20,0.05594712123396461
2007-08-21,0.01786619675209566
2007-08-22,0.01588208122289836
2007-08-23,0.01667601007821551
2007-08-24,0.015897997052140456
2007-08-27,0.0048999718451903105
2007-08-28,0.001644622971662013
2007-08-29,-0.015223058130877876
2007-08-30,0.013420028763557523
2007-08-31,0.010605339054130079
2007-09-03,0.023099928202109377
2007-09-04,-0.010857015162287877
2007-09-05,0.0005443691651247917
2007-09-06,0.009096348464765036
2007-09-07,-0.021663192620449582
2007-09-10,0.015567552662567596
2007-09-11,-0.04707449311187084
2007-09-12,0.015371308711865428
2007-09-13,0.028275624003432087
2007-09-14,0.008842666407475221
2007-09-17,0.01882986201563086
2007-09-18,-0.0040133422854138345
2007-09-19,-0.010511720355482423
2007-09-20,0.013958896293742916
2007-09-21,-0.004880330268985046
2007-09-24,0.008375307099470541
2007-09-25,-0.010751020830102929
2007-09-26,-0.01715868122681441
2007-09-27,0.012429721875739874
2007-09-28,0.028217700565824174
2007-10-08,0.01295922296625962
2007-10-09,0.004031567611322061
2007-10-10,0.0017322280571967494
2007-10-11,0.01307107810936059
2007-10-12,-0.003968175430957843
2007-10-15,0.014680626735487534
2007-10-16,0.00957751569326315
2007-10-17,-0.009032359275723434
2007-10-18,-0.03577709719773825
2007-10-19,-0.0003004052711064187
2007-10-22,-0.02518373512217553
2007-10-23,0.012318103187891394
2007-10-24,0.008650400986265572
2007-10-25,-0.04549415946345159
2007-10-26,0.011439328717730124
2007-10-29,0.021048018956007164
2007-10-30,0.015923259875857854
2007-10-31,0.016524995764883418
2007-11-01,-0.014645402170643697
2007-11-02,-0.023603304912267583
2007-11-05,-0.020578556641506433
2007-11-06,-0.007976411790000859
2007-11-07,0.006220911175430555
2007-11-08,-0.0480242603252814
2007-11-09,-0.010433343823479713
2007-11-12,-0.0123544670446033
2007-11-13,-0.007835682082787399
2007-11-14,0.04183717184249258
2007-11-15,-0.012587720525592427
2007-11-16,-0.0144556911054724
2007-11-19,-0.0026451465773847933
2007-11-20,0.015009963126819903
2007-11-21,-0.014155966151298103
2007-11-22,-0.04502203048651154
2007-11-23,0.017504861588516274
2007-11-26,-0.011548010867020177
2007-11-27,-0.018526766834400018
2007-11-28,-0.013245380323114177
2007-11-29,0.041585148354902124
2007-11-30,-0.02161513567544449
2007-12-03,0.007444155116046458
2007-12-04,0.01184660842119123
2007-12-05,0.02831371730472076
2007-12-06,0.0010286054200738806
2007-12-07,0.014140861446916288
2007-12-10,0.018291132335584548
2007-12-11,0.0012540999797021612
2007-12-12,-0.01218093385214003
2007-12-13,-0.038029775140377316
2007-12-14,0.0191130844186822
2007-12-17,-0.024180677958202005
2007-12-18,-0.0056368892194802464
2007-12-19,0.0240948638990921
2007-12-20,0.018379450436034398
2007-12-21,0.01283591363844372
2007-12-24,0.020636035698409216
2007-12-25,0.0018587960286791105
2007-12-26,0.009241849381988576
2007-12-27,0.01946884972647811
2007-12-28,-0.005450365438106508
2008-01-02,0.008772122080634714
2008-01-03,0.0068579932454402295
2008-01-04,0.011364001037249105
2008-01-07,0.013301906576823841
2008-01-08,-0.005136060891989036
2008-01-09,0.015503466500146338
2008-01-10,0.010402300918564757
2008-01-11,0.004758862329901303
2008-01-14,0.005721908910228057
2008-01-15,-0.006159891286389163
2008-01-16,-0.033482783136865917
2008-01-17,-0.025445005618705
2008-01-18,0.009103135068726507
2008-01-21,-0.049632577014029684
2008-01-22,-0.07615356720732158
2008-01-23,0.046539575772823305
2008-01-24,0.010472530160633651
2008-01-25,0.009988834767892252
2008-01-28,-0.06805530909442559
2008-01-29,0.006382237261572055
2008-01-30,-0.0108001057520416
2008-01-31,-0.019158918977670192
2008-02-01,-0.010487401418188602
2008-02-04,0.08271731177868502
2008-02-05,-0.005716018427013192
2008-02-13,-0.02148489921124852
2008-02-14,0.013323687875876013
2008-02-15,-0.013716709710892115
2008-02-18,0.02029393072668695
2008-02-19,0.02235006695184993
2008-02-20,-0.022314581099687647
2008-02-21,-0.006658970154522992
2008-02-22,-0.035641495232802016
2008-02-25,-0.03880234977322505
2008-02-26,-0.0009403106299572528
2008-02-27,0.027512809672745053
2008-02-28,-0.003817432250923014
2008-02-29,0.01135728342538478
2008-03-03,0.024856724176658632
2008-03-04,-0.02496397219304547
2008-03-05,-0.009082135697691451
2008-03-06,0.012164475566052158
2008-03-07,-0.013520724520440508
2008-03-10,-0.04113131898863731
2008-03-11,0.0021651376063980265
2008-03-12,-0.029617327271286187
2008-03-13,-0.02568376814069273
2008-03-14,-0.009785518318821795
2008-03-17,-0.04631985937033645
2008-03-18,-0.05077347646912112
2008-03-19,0.033186696521843466
2008-03-20,0.029049894043525763
2008-03-21,0.008995380115906837
2008-03-24,-0.044761418880933546
2008-03-25,0.012621688210104455
2008-03-26,0.002200844186069029
2008-03-27,-0.04226733803907135
2008-03-28,0.045142601069107835
2008-03-31,-0.03257297565487427
2008-04-01,-0.05478785288600807
2008-04-02,-0.0097346948174013
2008-04-03,0.028951991515164813
2008-04-07,0.0534484090439693
2008-04-08,0.0117626348801374
2008-04-09,-0.05215392519105988
2008-04-10,0.01805524487375032
2008-04-11,0.007727084479114855
2008-04-14,-0.0653855139692916
2008-04-15,0.013282708301579405
2008-04-16,-0.024916424780628055
2008-04-17,-0.03073426109096233
2008-04-18,-0.033700463292417604
2008-04-21,-0.0015110776198861142
2008-04-22,0.008790367351235728
2008-04-23,0.0477660099560806
2008-04-24,0.09287850487314132
2008-04-25,0.0075681467021893045
2008-04-28,-0.01943587680479197
2008-04-29,0.012814970902247593
2008-04-30,0.04823371705636004
2008-05-05,0.024414522523824145
2008-05-06,-0.011068403875063249
2008-05-07,-0.047263598484924015
2008-05-08,0.027142983875462882
2008-05-09,-0.011749431407213408
2008-05-12,0.006701858556651397
2008-05-13,-0.013632289521936514
2008-05-14,0.03221835003726947
2008-05-15,-0.006965673671242567
2008-05-16,-0.0030310874529646537
2008-05-19,-0.005601707874326012
2008-05-20,-0.051929039629316935
2008-05-21,0.01946498049756129
2008-05-22,-0.01892785422552024
2008-05-23,-0.009779751492949962
2008-05-26,-0.031544316458634085
2008-05-27,0.004770712210016903
2008-05-28,0.027971893047278984
2008-05-29,-0.025940161524170117
2008-05-30,0.00850687598649258
2008-06-02,0.004014033610885814
2008-06-03,-0.003230987918339201
2008-06-04,-0.018592400731466063
2008-06-05,-0.009805137759112514
2008-06-06,-0.0064450770442391345
2008-06-10,-0.0810832032765707
2008-06-11,-0.020664811720465748
2008-06-12,-0.01772633752391095
2008-06-13,-0.034206986698255386
2008-06-16,-0.009021129415192508
2008-06-17,-0.037112811212630985
2008-06-18,0.05227363230983762
2008-06-19,-0.07294452896810155
2008-06-20,0.02761987049759917
2008-06-23,-0.02095928367795841
2008-06-24,0.022213372970969703
2008-06-25,0.041243164680574214
2008-06-26,0.0038288797209802272
2008-06-27,-0.05531403696928483
2008-06-30,-0.00859439613554025
2008-07-01,-0.0334806805168959
2008-07-02,0.0004632465728091617
2008-07-03,0.022601521634525442
2008-07-04,-0.006795594600038091
2008-07-07,0.05139263534282668
2008-07-08,0.006617956453582874
2008-07-09,0.03903901006292232
2008-07-10,-0.013730106138184706
2008-07-11,-0.006802908672212116
2008-07-14,0.007576101287354753
2008-07-15,-0.041297111369634654
2008-07-16,-0.037638903055367656
2008-07-17,-0.01002623838321437
2008-07-18,0.035832068954860574
2008-07-21,0.03395144384829196
2008-07-22,-0.002166914973320666
2008-07-23,-0.007375179146657641
2008-07-24,0.03261587336820049
2008-07-25,-0.012816714930868334
2008-07-28,0.007365604677732174
2008-07-29,-0.018650381258631388
2008-07-30,-0.0073120115086917625
2008-07-31,-0.027449188457570158
2008-08-01,0.012682829449488729
2008-08-04,-0.023809590860000784
2008-08-05,-0.025267655914753998
2008-08-06,0.0068862212314180216
2008-08-07,-0.00045964037824997034
2008-08-08,-0.04741141329239884
2008-08-11,-0.05195947306964166
2008-08-12,-0.0051513934120288605
2008-08-13,0.00021152504648846998
2008-08-14,-0.00047450128278958564
2008-08-15,0.001679140515782107
2008-08-18,-0.05483419573748316
2008-08-19,0.015159492383943762
2008-08-20,0.0785480942502188
2008-08-21,-0.035121637306845144
2008-08-22,-0.015978451533339655
2008-08-25,-0.0018212603454240692
2008-08-26,-0.02875010206002948
2008-08-27,-0.002676351857920145
2008-08-28,0.0045469558231825405
2008-08-29,0.02387766416295456
2008-09-01,-0.03448219631717153
2008-09-02,-0.010289406891044295
2008-09-03,-0.017260352733053264
2008-09-04,0.002307249804538447
2008-09-05,-0.0300797904711646
2008-09-08,-0.026066302957912013
2008-09-09,0.005937875907939594
2008-09-10,0.0018843977383486976
2008-09-11,-0.03315173368869362
2008-09-12,0.0027604498954212357
2008-09-16,-0.037151453957608
2008-09-17,-0.03574636455833635
2008-09-18,-0.017181275545775643
2008-09-19,0.093419796517914
2008-09-22,0.06487875962381229
2008-09-23,-0.038111735113113054
2008-09-24,0.007240480004973016
2008-09-25,0.039590846121729806
2008-09-26,0.00905091539046876
2008-10-06,-0.05123822402443878
2008-10-07,-0.012330553540759293
2008-10-08,-0.03784493124205679
2008-10-09,-0.013635997372064891
2008-10-10,-0.04427260703544389
2008-10-13,0.041178629861140285
2008-10-14,-0.02561942013189722
2008-10-15,-0.010473896927508664
2008-10-16,-0.0488169389601516
2008-10-17,0.0067872917997278135
2008-10-20,0.034621892560910535
2008-10-21,-0.008080736719401238
2008-10-22,-0.02555695049340756
2008-10-23,0.0007947317521244113
2008-10-24,-0.028985491448566107
2008-10-27,-0.07124334445817737
2008-10-28,0.030911885202556718
2008-10-29,-0.02790270954731444
2008-10-30,0.02378027563240881
2008-10-31,-0.020025258356227597
2008-11-03,-0.006081771515814682
2008-11-04,-0.01559258851604606
2008-11-05,0.03910959791959368
2008-11-06,-0.024620732875335505
2008-11-07,0.017002914335036978
2008-11-10,0.07380856309977135
2008-11-11,-0.011269575642530616
2008-11-12,0.011486722792291905
2008-11-13,0.040103273184991066
2008-11-14,0.03712324220605079
2008-11-17,0.022417055710532763
2008-11-18,-0.07417680433770713
2008-11-19,0.06160606016135284
2008-11-20,-0.010616113452896592
2008-11-21,-0.006050936955995345
2008-11-24,-0.04326104329852887
2008-11-25,-0.0018219000218758774
2008-11-26,0.005016098836936545
2008-11-27,0.014634159571900176
2008-11-28,-0.02167847384057397
2008-12-01,0.018733564891219467
2008-12-02,0.002374202407997128
2008-12-03,0.044972495907431576
2008-12-04,0.015496745990613903
2008-12-05,0.015253705631268488
2008-12-08,0.040662634892644656
2008-12-09,-0.02586542665615299
2008-12-10,0.027217130926522115
2008-12-11,-0.023877202413860377
2008-12-12,-0.04200530020226378
2008-12-15,0.007475081361776771
2008-12-16,0.009830716838292286
2008-12-17,0.003494697786357248
2008-12-18,0.021825503892236583
2008-12-19,0.003428679840907556
2008-12-22,-0.016843606154433918
2008-12-23,-0.04886820592709274
2008-12-24,-0.016613208751638187
2008-12-25,-0.008643005709894958
2008-12-26,-0.004633933177069283
2008-12-29,-0.003941257593593428
2008-12-30,-0.011495845547422223
2008-12-31,-0.008570252013297421
2009-01-05,0.035889426435945726
2009-01-06,0.0317776435918149
2009-01-07,-0.005979529492303626
2009-01-08,-0.022363034375909474
2009-01-09,0.01608800041949343
2009-01-12,0.0012104057361346232
2009-01-13,-0.02316983454357735
2009-01-14,0.04213816867739584
2009-01-15,-0.0001892346939819101
2009-01-16,0.018077891465127616
2009-01-19,0.011180204741801704
2009-01-20,0.0063230913332654745
2009-01-21,-0.0017183572899333033
2009-01-22,0.011297861711125678
2009-01-23,-0.005805186566634868
2009-02-02,0.01199449790965823
2009-02-03,0.025204381197853287
2009-02-04,0.027267166450915648
2009-02-05,-0.007128369739117345
2009-02-06,0.04012559908989943
2009-02-09,0.0265465207752269
2009-02-10,0.013098518203731313
2009-02-11,0.0018837393709263406
2009-02-12,-0.005488735544613821
2009-02-13,0.034818833968916614
2009-02-16,0.026335259778288652
2009-02-17,-0.03125277947564109
2009-02-18,-0.045885348257006735
2009-02-19,0.009916764908651343
2009-02-20,0.01997379059977078
2009-02-23,0.028221829784329744
2009-02-24,-0.04506652406718825
2009-02-25,0.0010435089356426452
2009-02-26,-0.049502419658275176
2009-02-27,-0.022690320680673004
2009-03-02,0.011295082572253312
2009-03-03,-0.010399756821606765
2009-03-04,0.06675290385285093
2009-03-05,0.008651514627711299
2009-03-06,-0.007958197229490427
2009-03-09,-0.0367575798923806
2009-03-10,0.01736868605924014
2009-03-11,-0.009104857143622191
2009-03-12,-0.0021077473225304955
2009-03-13,-0.004638714627431373
2009-03-16,0.016410464754591292
2009-03-17,0.03604054935417067
2009-03-18,0.004413101429855404
2009-03-19,0.021397105097545444
2009-03-20,-0.0011441455507594787
2009-03-23,0.025025653006633064
2009-03-24,0.005078308351045946
2009-03-25,-0.02057930901715188
2009-03-26,0.03267443376099965
2009-03-27,0.007719205142050267
2009-03-30,-0.005780071558598388
2009-03-31,0.009378998561876184
2009-04-01,0.016122967283132672
2009-04-02,0.01105790625777492
2009-04-03,-0.0022888526626300143
2009-04-07,0.0025080694323249553
2009-04-08,-0.037875007276043315
2009-04-09,0.015456079582212734
2009-04-10,0.030925828613689976
2009-04-13,0.023497320393137452
2009-04-14,0.007661909311361681
2009-04-15,0.0037797847637093267
2009-04-16,4.317098314476908e-05
2009-04-17,-0.013551754192056564
2009-04-20,0.021494772495171958
2009-04-21,-0.011901389646511109
2009-04-22,-0.03706340858818846
2009-04-23,0.006708507340620118
2009-04-24,-0.007972041561341792
2009-04-27,-0.023163075889817253
2009-04-28,0.0020845170398027246
2009-04-29,0.034480020297546383
2009-04-30,0.006738390324598775
2009-05-04,0.03483704839557045
2009-05-05,0.004683710465420043
2009-05-06,0.013921820716725321
2009-05-07,0.0007584144400374361
2009-05-08,0.008002310019674221
2009-05-11,-0.022910714432965
2009-05-12,0.02320685014141488
2009-05-13,0.009124057489128923
2009-05-14,-0.007607662388659506
2009-05-15,0.0012601173746158436
2009-05-18,0.005170386350208611
2009-05-19,0.010499994129310908
2009-05-20,-0.009583871462956695
2009-05-21,-0.022345544489337232
2009-05-22,-0.0033938058407060323
2009-05-25,0.004392710268302125
2009-05-26,-0.01197072273347477
2009-05-27,0.014688039109275632
2009-06-01,0.035739236558017584
2009-06-02,0.0023639578468916955
2009-06-03,0.025928597929774755
2009-06-04,0.00488673318620525
2009-06-05,-0.0048903919118437065
2009-06-08,0.003120464490597552
2009-06-09,0.004096350727392117
2009-06-10,0.00980863054101988
2009-06-11,-0.00935444433108834
2009-06-12,-0.01868667547488223
2009-06-15,0.02061256187450233
2009-06-16,-0.0016762232519001994
2009-06-17,0.016671507014001108
2009-06-18,0.015558422474280631
2009-06-19,0.0073830029685082454
2009-06-22,0.0008318179117474678
2009-06-23,0.0004321079569176156
2009-06-24,0.011944310685026549
2009-06-25,-0.0009001099101813016
2009-06-26,0.003367628621764318
2009-06-29,0.016478280896337294
2009-06-30,-0.0042446914626921295
2009-07-01,0.02255789878584169
2009-07-02,0.013729873933839398
2009-07-03,0.01364140851137874
2009-07-06,0.014312013188523931
2009-07-07,-0.01015185407643171
2009-07-08,0.003525228162429839
2009-07-09,0.01313587901209612
2009-07-10,0.0005906420626657916
2009-07-13,-0.010975749710885664
2009-07-14,0.027891012555448347
2009-07-15,0.01115911904555822
2009-07-16,0.0022714878889762424
2009-07-17,0.005303549599570578
2009-07-20,0.02026075846729181
2009-07-21,-0.014282718804117913
2009-07-22,0.018953441858257758
2009-07-23,0.012488480489192488
2009-07-24,0.0042681085189935075
2009-07-27,0.020741332920342748
2009-07-28,0.0032567355820265487
2009-07-29,-0.05253449448295966
2009-07-30,0.021444380622440692
2009-07-31,0.0274577709255317
2009-08-03,0.014033816541540123
2009-08-04,-0.00011037664578050776
2009-08-05,-0.012063280793003672
2009-08-06,-0.020801211247666433
2009-08-07,-0.02948988840114441
2009-08-10,-0.00296925961190897
2009-08-11,0.003339221264034631
2009-08-12,-0.044701416470422806
2009-08-13,0.012780361452875644
2009-08-14,-0.028004371051086663
2009-08-17,-0.0610534668954229
2009-08-18,0.010099446831181023
2009-08-19,-0.04962758347609342
2009-08-20,0.043064876957494384
2009-08-21,0.018837994014737403
2009-08-24,0.008108317330623116
2009-08-25,-0.0370850879365866
2009-08-26,0.020115569018242185
2009-08-27,-0.005070316159508925
2009-08-28,-0.03469884526222311
2009-08-31,-0.07106188465793895
2009-09-01,0.004744775323634931
2009-09-02,0.016607237050321855
2009-09-03,0.055704642733850784
2009-09-04,0.008249769656522687
2009-09-07,0.008795824177109779
2009-09-08,0.021505968672202336
2009-09-09,0.007550378165398719
2009-09-10,-0.010014369736352393
2009-09-11,0.023781550810423324
2009-09-14,0.01706569804266844
2009-09-15,0.002808045438839057
2009-09-16,-0.013445599008309106
2009-09-17,0.01898573338456755
2009-09-18,-0.03626612001580687
2009-09-21,0.0027862082846177305
2009-09-22,-0.024178116090362026
2009-09-23,-0.02266253937207796
2009-09-24,0.00681585938094864
2009-09-25,-0.00726989223369856
2009-09-28,-0.028080501469988084
2009-09-29,-0.00012009514765143335
2009-09-30,0.01094073719689148
2009-10-09,0.05288296578313734
2009-10-12,-0.003817040004956196
2009-10-13,0.014876419581981491
2009-10-14,0.009029809752457265
2009-10-15,0.003793767055142672
2009-10-16,0.0006377245887894122
2009-10-19,0.026976202984290158
2009-10-20,0.014543016582571287
2009-10-21,-0.002454128318136073
2009-10-22,-0.006519187305318419
2009-10-23,0.019696951591123613
2009-10-26,0.0002891670465585694
2009-10-27,-0.029147637291941145
2009-10-28,0.004406101024460041
2009-10-29,-0.024712501956101085
2009-10-30,0.010261926899207907
2009-11-02,0.03427385674551542
2009-11-03,0.0125624741548509
2009-11-04,0.005374298667559341
2009-11-05,0.003019785239127604
2009-11-06,0.005398753809552126
2009-11-09,0.003665496131088464
2009-11-10,0.0022850355914030285
2009-11-11,-0.0023123624341281346
2009-11-12,0.001235241043644253
2009-11-13,0.005351440803293306
2009-11-16,0.03043036647964792
2009-11-17,0.0007049482624239545
2009-11-18,0.0005167632485694185
2009-11-19,0.003362873251246734
2009-11-20,-0.003136361727052561
2009-11-23,0.009500379095310318
2009-11-24,-0.032036205612917645
2009-11-25,0.0229839800680931
2009-11-26,-0.03963380279361883
2009-11-27,-0.029624132150888768
2009-11-30,0.03818436604769815
2009-12-01,0.013999611011174641
2009-12-02,0.010249854598547437
2009-12-03,-0.0017938309228875406
2009-12-04,0.014652413505785056
2009-12-07,0.006955142746338572
2009-12-08,-0.012214514046977376
2009-12-09,-0.019188917055898317
2009-12-10,0.006402909231679077
2009-12-11,-0.0006197520600396134
2009-12-14,0.010554626267825109
2009-12-15,-0.00814115994090936
2009-12-16,-0.006311986495284638
2009-12-17,-0.022627427070288864
2009-12-18,-0.025406354260861463
2009-12-21,0.001440855491363413
2009-12-22,-0.02681458225260269
2009-12-23,0.009359127985931526
2009-12-24,0.030672145494653025
2009-12-25,-0.004081054618492397
2009-12-28,0.015665226088777073
2009-12-29,0.006412082682058395
2009-12-30,0.016602218332882446
2009-12-31,0.0047282034653262075
2010-01-04,-0.011313919238948532
2010-01-05,0.008149118487090991
2010-01-06,-0.00626003426450561
2010-01-07,-0.019840885534091024
2010-01-08,0.0024986633850465627
2010-01-11,0.0005522782194917752
2010-01-12,0.015181852539824181
2010-01-13,-0.032185206098249715
2010-01-14,0.014003210621944095
2010-01-15,0.003945459435447773
2010-01-18,0.005152842390096613
2010-01-19,0.0019419062103291922
2010-01-20,-0.03223052890934286
2010-01-21,0.004165642931929225
2010-01-22,-0.01243247176091822
2010-01-25,-0.011343067562593623
2010-01-26,-0.025605961994150328
2010-01-27,-0.013639768385131812
2010-01-28,0.0025023713751726184
2010-01-29,-0.0007531412069594622
2010-02-01,-0.01605665144164381
2010-02-02,-0.002067429672341859
2010-02-03,0.02686615457621921
2010-02-04,-0.0036874190388195283
2010-02-05,-0.020415980852503512
2010-02-08,-0.0006656968234622918
2010-02-09,0.005776600862967607
2010-02-10,0.014180279503595685
2010-02-11,0.0019501389178409048
2010-02-12,0.009588876902792752
2010-02-22,-0.005515677219850136
2010-02-23,-0.01073532208904393
2010-02-24,0.014333931296922398
2010-02-25,0.014684928230476181
2010-02-26,-0.0031778837274857308
2010-03-01,0.013029052926166074
2010-03-02,-0.003966703394844728
2010-03-03,0.00720123844993248
2010-03-04,-0.02533911470216177
2010-03-05,0.0028275014897374273
2010-03-08,0.008103040588214316
2010-03-09,0.005990241551127261
2010-03-10,-0.007915936020337133
2010-03-11,-0.0009113655115385867
2010-03-12,-0.0132996409502838
2010-03-15,-0.01544727919666611
2010-03-16,0.006530570187136542
2010-03-17,0.02183072193849456
2010-03-18,-0.0019429331723844763
2010-03-19,0.008053728246349312
2010-03-22,0.002658574060732777
2010-03-23,-0.008191961068579445
2010-03-24,0.00033459794667978215
2010-03-25,-0.0145089418552804
2010-03-26,0.014206312044613869
2010-03-29,0.025507770682277497
2010-03-30,0.002432009146831726
2010-03-31,-0.006267546814276771
2010-04-01,0.013847412442644869
2010-04-02,0.004543424328591117
2010-04-06,-0.0006459572934477409
2010-04-07,-0.005343678463031631
2010-04-08,-0.011870565514863094
2010-04-09,0.009688819939619007
2010-04-12,-0.008194911768274471
2010-04-13,0.012006046287637906
2010-04-14,0.003535378551742019
2010-04-15,-0.002683250937874471
2010-04-16,-0.01126562567202838
2010-04-19,-0.05360286169544615
2010-04-20,-0.0009598847508659467
2010-04-21,0.01994879897547541
2010-04-22,-0.01085618932245058
2010-04-23,-0.0036038895019616657
2010-04-26,-0.005644508798267722
2010-04-27,-0.020046677219429883
2010-04-28,-0.0035568034965797186
2010-04-29,-0.012038989420966928
2010-04-30,0.0023858978112876184
2010-05-04,-0.015621225384002124
2010-05-05,0.0056119510546459575
2010-05-06,-0.04595516919082288
2010-05-07,-0.020735238479234086
2010-05-10,0.007559250970022856
2010-05-11,-0.02008793544822973
2010-05-12,0.006192121798746618
2010-05-13,0.02439570499900645
2010-05-14,-0.006542633285196553
2010-05-17,-0.053454243567781716
2010-05-18,0.02086149006433446
2010-05-19,-0.0033103024232250533
2010-05-20,-0.013088241363505726
2010-05-21,0.015689161716229805
2010-05-24,0.0378063927540937
2010-05-25,-0.020715727227264225
2010-05-26,3.553732252914444e-07
2010-05-27,0.0163596006174962
2010-05-28,-0.0033835912781177147
2010-05-31,-0.027028013171937596
2010-06-01,-0.010493771959683706
2010-06-02,0.004870339287549541
2010-06-03,-0.007779071610178213
2010-06-04,0.003039023769807692
2010-06-07,-0.01773653972775746
2010-06-08,0.001343242887322793
2010-06-09,0.030673098865795057
2010-06-10,-0.011541504306228243
2010-06-11,0.003215609469447989
2010-06-17,-0.0058476924939449
2010-06-18,-0.01697832052919479
2010-06-21,0.031339687541493966
2010-06-22,0.0010993780979571266
2010-06-23,-0.00906161539235262
2010-06-24,-0.00036142896760726906
2010-06-25,-0.007692117999723025
2010-06-28,-0.0071301000224025515
2010-06-29,-0.04592132515845071
2010-06-30,-0.011168513811048329
2010-07-01,-0.01443542314490054
2010-07-02,0.0031804331707225852
2010-07-05,-0.008466105390266043
2010-07-06,0.019999196068216433
2010-07-07,0.0068574608002958115
2010-07-08,-0.0017655650486324559
2010-07-09,0.027633999645175544
2010-07-12,0.010998434515606448
2010-07-13,-0.015553665658029403
2010-07-14,0.007217813149887009
2010-07-15,-0.01699195322295044
2010-07-16,0.0029169808615541197
2010-07-19,0.025359615431660883
2010-07-20,0.022006194286464
2010-07-21,0.002127300243698338
2010-07-22,0.012357794007647359
2010-07-23,0.004239046254142842
2010-07-26,0.00643698918325164
2010-07-27,-0.00545382427593899
2010-07-28,0.024322858765743586
2010-07-29,0.0049767365849502365
2010-07-30,-0.003172368358874467
2010-08-02,0.016881003720659926
2010-08-03,-0.017586274862671503
2010-08-04,0.0036507696693373064
2010-08-05,-0.008901646969824428
2010-08-06,0.016426800765672045
2010-08-09,0.007102975194803741
2010-08-10,-0.029333766470966638
2010-08-11,0.006203757769259521
2010-08-12,-0.011867542438086076
2010-08-13,0.013904699142802237
2010-08-16,0.02330061455826149
2010-08-17,0.006915614648865143
2010-08-18,-0.001675225190166496
2010-08-19,0.006139182027955714
2010-08-20,-0.019307740589667333
2010-08-23,-0.0007387004874871428
2010-08-24,0.0053984680573664345
2010-08-25,-0.02362915104503116
2010-08-26,0.0024867895898132986
2010-08-27,0.002972885446194118
2010-08-30,0.019745564734205967
2010-08-31,-0.004055560701335503
2010-09-01,-0.006594819212534686
2010-09-02,0.012950920964396541
2010-09-03,-0.0004066553181992783
2010-09-06,0.018794913370807853
2010-09-07,0.002695044519661627
2010-09-08,-0.000717707840279358
2010-09-09,-0.01828500617417106
2010-09-10,0.002082379393533396
2010-09-13,0.010149855723031731
2010-09-14,0.0009080723581762484
2010-09-15,-0.01747549501536083
2010-09-16,-0.019018644141104102
2010-09-17,0.001252716698118661
2010-09-20,-0.004033384020026842
2010-09-21,0.0026836707338127037
2010-09-27,0.01664160958832195
2010-09-28,-0.008303531565433508
2010-09-29,-0.0021156531606193463
2010-09-30,0.021135990805659643
2010-10-08,0.037014566827475726
2010-10-11,0.02912457752084019
2010-10-12,0.012713799856043815
2010-10-13,0.01413642400888082
2010-10-14,0.0020397336256443572
2010-10-15,0.03211492056796539
2010-10-18,-0.006467863675716723
2010-10-19,0.02102560069688097
2010-10-20,0.006281708482513304
2010-10-21,-0.006533644560197782
2010-10-22,0.0011764060941985564
2010-10-25,0.030315613757545545
2010-10-26,-0.004308144510282941
2010-10-27,-0.017948786007494392
2010-10-28,-0.0018155794342442637
2010-10-29,-0.005212067485810935
2010-11-01,0.027518481601830347
2010-11-02,-0.0028401998851135253
2010-11-03,-0.012355871031156427
2010-11-04,0.017590059002889014
2010-11-05,0.011576768313793506
2010-11-08,0.00788684837925957
2010-11-09,-0.006935759402530328
2010-11-10,-0.007049751500729062
2010-11-11,0.0031047886163084733
2010-11-12,-0.06214916060655695
2010-11-15,0.00700521563517964
2010-11-16,-0.043849077481535666
2010-11-17,-0.02070711882930576
2010-11-18,0.014193728804931638
2010-11-19,0.009810791871058155
2010-11-22,-0.002172171913958798
2010-11-23,-0.020418097310132777
2010-11-24,0.02248569118711008
2010-11-25,0.014617680654621212
2010-11-26,-0.00888200468809519
2010-11-29,-0.0015033555534479381
2010-11-30,-0.01663453550884786
2010-12-01,-0.00030634510525240355
2010-12-02,0.0060697877312163575
2010-12-03,0.0009815981254233108
2010-12-06,0.0023475724441732733
2010-12-07,0.010983487965832373
2010-12-08,-0.008891870517466982
2010-12-09,-0.015295650973144668
2010-12-10,0.012361983834107138
2010-12-13,0.031336091312492265
2010-12-14,0.0025798352131407576
2010-12-15,-0.006676915002229888
2010-12-16,-0.005228097660950447
2010-12-17,-0.0015489071135509347
2010-12-20,-0.014571897046837812
2010-12-21,0.02228991677931913
2010-12-22,-0.010480352570188313
2010-12-23,-0.008349056882498318
2010-12-24,-0.00804489233072625
2010-12-27,-0.019995858303390342
2010-12-28,-0.01767198146664728
2010-12-29,0.0055498794553965345
2010-12-30,0.0007407334829170331
2010-12-31,0.020940257132767925
2011-01-04,0.019634231286967285
2011-01-05,-0.0043954224903924866
2011-01-06,-0.005044302573762538
2011-01-07,0.0022094268244861053
2011-01-10,-0.018454038117566185
2011-01-11,0.0053841676836046135
2011-01-12,0.005572939100559893
2011-01-13,-0.0003351009137466665
2011-01-14,-0.015733056928313394
2011-01-17,-0.038006870940553
2011-01-18,0.00110881369038629
2011-01-19,0.022569155252736284
2011-01-20,-0.032887651973774745
2011-01-21,0.013156800000543312
2011-01-24,-0.009795351431360231
2011-01-25,-0.005273113282910691
2011-01-26,0.01353578883393558
2011-01-27,0.016127618870472427
2011-01-28,0.003393066368497122
2011-01-31,0.0130972903463753
2011-02-01,0.000251908982521698
2011-02-09,-0.011807168856422969
2011-02-10,0.020787589663621372
2011-02-11,0.005409831893492756
2011-02-14,0.03146055247174262
2011-02-15,-0.00045726455767891583
2011-02-16,0.009589544735928657
2011-02-17,-0.0008065193855553153
2011-02-18,-0.01048428066484963
2011-02-21,0.014331811066180531
2011-02-22,-0.028954163223761983
2011-02-23,0.003528915677122546
2011-02-24,0.005100571951988543
2011-02-25,0.002094057071046596
2011-02-28,0.013116642799935184
2011-03-01,0.004733360312314082
2011-03-02,-0.003562329084243365
2011-03-03,-0.00665372099634387
2011-03-04,0.015193136084536318
2011-03-07,0.019520183351036117
2011-03-08,0.0008837880228278473
2011-03-09,0.00041978068930936807
2011-03-10,-0.017550611616307218
2011-03-11,-0.010024513308247829
2011-03-14,0.00478663388532774
2011-03-15,-0.01806939796256124
2011-03-16,0.013806035716414922
2011-03-17,-0.015730274814166112
2011-03-18,0.005813080604297749
2011-03-21,-0.002666616910549369
2011-03-22,0.0049424559806179325
2011-03-23,0.013020635372255509
2011-03-24,-0.004154764916570852
2011-03-25,0.013263061222669624
2011-03-28,-0.0011877429060210831
2011-03-29,-0.00990466396257672
2011-03-30,-0.0005828766852088442
2011-03-31,-0.0100710056263974
2011-04-01,0.015338685218323487
2011-04-06,0.011714382706297988
2011-04-07,0.004032536943529008
2011-04-08,0.00870497972728468
2011-04-11,-0.005943594450696921
2011-04-12,-0.001996743891496622
2011-04-13,0.01360478373774443
2011-04-14,-0.00547770764859512
2011-04-15,0.0016054580803683829
2011-04-18,0.0001470700315338025
2011-04-19,-0.01893947737687085
2011-04-20,-1.6384429694427105e-05
2011-04-21,0.006556610042363742
2011-04-22,-0.005252659714767849
2011-04-25,-0.015263298567065653
2011-04-26,-0.0057281354417533245
2011-04-27,-0.0066410602421570495
2011-04-28,-0.014870526682791763
2011-04-29,0.009787853408970149
2011-05-03,0.005765924572848968
2011-05-04,-0.025568553394877624
2011-05-05,-0.000930320853632427
2011-05-06,-0.0015101802011888712
2011-05-09,0.002679249925353844
2011-05-10,0.007496423846053313
2011-05-11,-0.002580218766778497
2011-05-12,-0.01382538150797197
2011-05-13,0.008540744898686281
2011-05-16,-0.008832857590870713
2011-05-17,0.005020217948093375
2011-05-18,0.007493835100326419
2011-05-19,-0.005969333425495882
2011-05-20,0.0003066679612733214
2011-05-23,-0.03159153202400311
2011-05-24,0.0010727824861560542
2011-05-25,-0.011856363526415614
2011-05-26,-0.0040002100093534665
2011-05-27,-0.005060803167895478
2011-05-30,-0.0029703291051756953
2011-05-31,0.015924828042319206
2011-06-01,0.0008718811176602338
2011-06-02,-0.01613355822051521
2011-06-03,0.010367746442896177
2011-06-07,0.005998294238215296
2011-06-08,0.0014612573736909606
2011-06-09,-0.018866588758021833
2011-06-10,0.003402228200314994
2011-06-13,-0.003910960818816811
2011-06-14,0.014646068870519668
2011-06-15,-0.010168498432801876
2011-06-16,-0.01536927811539135
2011-06-17,-0.008713048974183346
2011-06-20,-0.005968209886254461
2011-06-21,0.011888082212365036
2011-06-22,-0.0001687822890659163
2011-06-23,0.016862856195905884
2011-06-24,0.023613847443340497
2011-06-27,0.002979715736241895
2011-06-28,0.0017266641001076886
2011-06-29,-0.013664902979682036
2011-06-30,0.014639175326456531
2011-07-01,0.0018580271470380878
2011-07-04,0.02368558682775124
2011-07-05,0.0001665609645160604
2011-07-06,-0.0028144115292233485
2011-07-07,-0.003864198101815486
2011-07-08,0.0024190116324056547
2011-07-11,0.0012939090429866518
2011-07-12,-0.018084572623848216
2011-07-13,0.01614116238483021
2011-07-14,0.003057709190544156
2011-07-15,0.004218573727952757
2011-07-18,-0.002009978621804853
2011-07-19,-0.00879875744571823
2011-07-20,-0.0011495496950849615
2011-07-21,-0.01048917911208136
2011-07-22,0.0028916633078783787
2011-07-25,-0.03249559564339455
2011-07-26,0.0031927484149958385
2011-07-27,0.007484134079037696
2011-07-28,-0.006349889935241215
2011-07-29,-0.002993288833754493
2011-08-01,0.0018983344655374434
2011-08-02,-0.007165882901722599
2011-08-03,-0.0005117740157483119
2011-08-04,0.0018406901149627952
2011-08-05,-0.021245079483256712
2011-08-08,-0.035728374617806084
2011-08-09,0.0015365634452522148
2011-08-10,0.009266704548297255
2011-08-11,0.015156579748735853
2011-08-12,0.002944270584082309
2011-08-15,0.014786992260113154
2011-08-16,-0.0069577841195139776
2011-08-17,-0.003992295642468724
2011-08-18,-0.017934430648787747
2011-08-19,-0.009381657395561516
2011-08-22,-0.010641230574598759
2011-08-23,0.015557708348408415
2011-08-24,-0.0038947140431967453
2011-08-25,0.033388066117773015
2011-08-26,-0.0009025988717686897
2011-08-29,-0.016685072741912218
2011-08-30,-0.0038800354317447545
2011-08-31,0.0017721536804915503
2011-09-01,-0.004299951945639591
2011-09-02,-0.010823997586905776
2011-09-05,-0.021412313194624225
2011-09-06,-0.007476446133251602
2011-09-07,0.02048505069028317
2011-09-08,-0.008270692924662426
2011-09-09,-0.001817782704214954
2011-09-13,-0.011199904038210251
2011-09-14,0.004714583004783003
2011-09-15,-0.0014843906644012028
2011-09-16,0.0018086873422300527
2011-09-19,-0.0200136284481236
2011-09-20,0.003946970630059665
2011-09-21,0.03017497290736082
2011-09-22,-0.030791288811195524
2011-09-23,-0.006035697370655124
2011-09-26,-0.0219364984465128
2011-09-27,0.010325866103084724
2011-09-28,-0.010345053734458487
2011-09-29,-0.008582351116031341
2011-09-30,-0.0026404603998554377
2011-10-10,-0.00940166602682091
2011-10-11,-0.0019897680246467875
2011-10-12,0.03634961524204194
2011-10-13,0.0067465529927503995
2011-10-14,-0.003312174824541825
2011-10-17,0.0049623518435197855
2011-10-18,-0.02802526180645992
2011-10-19,-0.0035213210045947907
2011-10-20,-0.024214881376155014
2011-10-21,-0.005020765457451115
2011-10-24,0.02743037238269652
2011-10-25,0.01892210446898712
2011-10-26,0.009989620728072524
2011-10-27,0.0021971208891664595
2011-10-28,0.01939395170910152
2011-10-31,-0.0050608763252500966
2011-11-01,0.0008262509613934378
2011-11-02,0.016628520715586737
2011-11-03,0.0006968374301248302
2011-11-04,0.007085593016218139
2011-11-07,-0.009949539501821092
2011-11-08,-0.003120331198049331
2011-11-09,0.008778059251166814
2011-11-10,-0.01892171036038681
2011-11-11,-0.001698777739418067
2011-11-14,0.020479762167152412
2011-11-15,-0.002005312350578881
2011-11-16,-0.027166737105964955
2011-11-17,-0.003033201553790277
2011-11-18,-0.020857116990612767
2011-11-21,0.0012246330800558258
2011-11-22,-8.12357957103993e-05
2011-11-23,-0.009758284712442113
2011-11-24,0.0018978247383620859
2011-11-25,-0.007316578566696873
2011-11-28,0.001302737421754907
2011-11-29,0.013697474974944779
2011-11-30,-0.033370403466421616
2011-12-01,0.02462522605412598
2011-12-02,-0.01018031725339652
2011-12-05,-0.01404835000514204
2011-12-06,-0.0020004878271269178
2011-12-07,0.00472392255262699
2011-12-08,-0.0012763880472804745
2011-12-09,-0.008530689690816162
2011-12-12,-0.010293349886417169
2011-12-13,-0.022506429370559463
2011-12-14,-0.010094437159155813
2011-12-15,-0.023646495486927988
2011-12-16,0.02107879910525856
2011-12-19,-0.0023935946553512717
2011-12-20,-0.003076235275171091
2011-12-21,-0.015971322714952274
2011-12-22,0.0009520723284259793
2011-12-23,0.00761275084513757
2011-12-26,-0.009942950008880236
2011-12-27,-0.013129671507752459
2011-12-28,0.0012550785562908118
2011-12-29,0.0014874814118983615
2011-12-30,0.01487478589454461
2012-01-04,-0.020031614730008696
2012-01-05,-0.009730493010775776
2012-01-06,0.006244989314197591
2012-01-09,0.03403866496172836
2012-01-10,0.033260152750393734
2012-01-11,-0.004797435919437709
2012-01-12,-0.00015971371419376543
2012-01-13,-0.016789044435018052
2012-01-16,-0.020333420483524826
2012-01-17,0.049006479656589885
2012-01-18,-0.01561082028333738
2012-01-19,0.019057554963712642
2012-01-20,0.014477687524054428
2012-01-30,-0.017318095305033476
2012-01-31,0.0014386033356093009
2012-02-01,-0.014310989911778815
2012-02-02,0.023566958172807292
2012-02-03,0.00798475447644198
2012-02-06,-0.0007054814471946225
2012-02-07,-0.018515190937906545
2012-02-08,0.02859370028893937
2012-02-09,0.00039355503204618886
2012-02-10,0.0017368915690183506
2012-02-13,-0.0006484782272347943
2012-02-14,-0.003899713307485397
2012-02-15,0.010903581806798844
2012-02-16,-0.005307876861022076
2012-02-17,0.0003990419837904824
2012-02-20,0.0014268337770182438
2012-02-21,0.008559431905934778
2012-02-22,0.013667762881894864
2012-02-23,0.0033802044754214218
2012-02-24,0.016023368387449333
2012-02-27,0.003231097081325407
2012-02-28,0.002217142160219288
2012-02-29,-0.010636767534422107
2012-03-01,-0.0003029448287356073
2012-03-02,0.017691946934412558
2012-03-05,-0.0064315016713099036
2012-03-06,-0.015640527014328942
2012-03-07,-0.006885403265558976
2012-03-08,0.012595442575023874
2012-03-09,0.01081686673943416
2012-03-12,-0.003715794981199561
2012-03-13,0.010047837516698577
2012-03-14,-0.02833455112934247
2012-03-15,-0.00750833171471732
2012-03-16,0.014687033222383185
2012-03-19,0.0024749191925352854
2012-03-20,-0.017326150098877724
2012-03-21,0.0012954425418223448
2012-03-22,-0.001563494452608949
2012-03-23,-0.011923381043112856
2012-03-26,0.0009800465345837226
2012-03-27,-0.003247579088079489
2012-03-28,-0.028362365206821893
2012-03-29,-0.012840114752111331
2012-03-30,0.004820471511451263
2012-04-05,0.02359893421277204
2012-04-06,0.0027849056363498104
2012-04-09,-0.009795898929689573
2012-04-10,0.009875975193435416
2012-04-11,9.842097827283958e-05
2012-04-12,0.019999714289795856
2012-04-13,0.0038973932826960045
2012-04-16,-0.0024840590066710355
2012-04-17,-0.012494347415972662
2012-04-18,0.022827565234119884
2012-04-19,-0.001481590887062123
2012-04-20,0.011857602455416894
2012-04-23,-0.007918642901220796
2012-04-24,-0.00044972483133398633
2012-04-25,0.008109438259012114
2012-04-26,0.0020933057627789964
2012-04-27,-0.002025470769948634
2012-05-02,0.02183037800101051
2012-05-03,0.00299274786872461
2012-05-04,0.009051026223863223
2012-05-07,0.0006992211361405153
2012-05-08,-0.0031871624540340533
2012-05-09,-0.019047541707331802
2012-05-10,-0.00011288745797766177
2012-05-11,-0.007638451400602264
2012-05-14,-0.008109091033202677
2012-05-15,0.0007034892301149843
2012-05-16,-0.016324377028273274
2012-05-17,0.01526228644159766
2012-05-18,-0.015289551183614638
2012-05-21,0.005149620664683718
2012-05-22,0.015574179499240559
2012-05-23,-0.004055527540175574
2012-05-24,-0.008257578044602143
2012-05-25,-0.00853748757349948
2012-05-28,0.016161809301842966
2012-05-29,0.013831472882625873
2012-05-30,-0.003242728569736397
2012-05-31,-0.003866390034584
2012-06-01,0.00036321608849720915
2012-06-04,-0.02809421047794192
2012-06-05,-7.190235659959576e-05
2012-06-06,-0.0005631453602841231
2012-06-07,-0.005950181453749147
2012-06-08,-0.007023488465036421
2012-06-11,0.01344357252957118
2012-06-12,-0.007070025974635129
2012-06-13,0.015927230296459486
2012-06-14,-0.007833340308358139
2012-06-15,0.002981150365506391
2012-06-18,0.0051237240338404275
2012-06-19,-0.008752090103408716
2012-06-20,-0.002348921547974614
2012-06-21,-0.01583711736727611
2012-06-25,-0.02215879801845799
2012-06-26,-0.0006525496658278397
2012-06-27,-0.003144711731363325
2012-06-28,-0.008771675326241013
2012-06-29,0.014792666452023484
2012-07-02,0.0014730184935725088
2012-07-03,0.0014128453317692193
2012-07-04,-0.001540068723845267
2012-07-05,-0.014016282076611876
2012-07-06,0.017381715541255
2012-07-09,-0.022881857014479427
2012-07-10,-0.0038616974250383906
2012-07-11,0.00783893005626779
2012-07-12,0.009733374230902923
2012-07-13,0.0005928512429256294
2012-07-16,-0.02077095999278533
2012-07-17,0.006029842511514838
2012-07-18,5.550490617811654e-05
2012-07-19,0.004136542774718643
2012-07-20,-0.010669787264233177
2012-07-23,-0.013768863706010714
2012-07-24,0.004464725455952889
2012-07-25,-0.0066957296152512225
2012-07-26,-0.005336676718573186
2012-07-27,0.0006900993743099715
2012-07-30,-0.005668108916235481
2012-07-31,-0.001229132889772333
2012-08-01,0.011028658480652044
2012-08-02,-0.010077370496949234
2012-08-03,0.008075354557532277
2012-08-06,0.013541869801086516
2012-08-07,0.0013673645871017381
2012-08-08,0.00038595605542868233
2012-08-09,0.00916605817653804
2012-08-10,-0.0049545963428285775
2012-08-13,-0.01992706743324624
2012-08-14,0.002162053223500271
2012-08-15,-0.010776761803908077
2012-08-16,-0.005123058480924092
2012-08-17,-0.0026702074001905274
2012-08-20,-0.0050521379949478576
2012-08-21,0.0051764106859537575
2012-08-22,-0.00783030492677761
2012-08-23,0.002880745918471428
2012-08-24,-0.011520289948870556
2012-08-27,-0.02086104486708784
2012-08-28,0.004580819350472387
2012-08-29,-0.010541853127062129
2012-08-30,-0.0015549838496595747
2012-08-31,-0.0029402587536232483
2012-09-03,0.010658687957737278
2012-09-04,-0.010753156232203851
2012-09-05,-0.002055881695168016
2012-09-06,0.008158645377578155
2012-09-07,0.04479888611489735
2012-09-10,0.0040942024763732645
2012-09-11,-0.006350718152068335
2012-09-12,0.0035386631716907146
2012-09-13,-0.009314370120569682
2012-09-14,0.007431494378194793
2012-09-17,-0.024545873061253
2012-09-18,-0.010389138909242202
2012-09-19,0.004919831839011346
2012-09-20,-0.022386338746240297
2012-09-21,0.0014171536614433489
2012-09-24,0.00748182294004307
2012-09-25,-0.0024202036906978423
2012-09-26,-0.011430425210188888
2012-09-27,0.03058550746925137
2012-09-28,0.018381084301446467
2012-10-08,-0.010052740693190844
2012-10-09,0.02207128112370893
2012-10-10,0.0017067810497306546
2012-10-11,-0.00928696791082384
2012-10-12,0.0008677400063321627
2012-10-15,-0.004197817256526347
2012-10-16,0.0014401768824809926
2012-10-17,0.0011491792136499868
2012-10-18,0.015331169161375556
2012-10-19,-0.0015440415705477715
2012-10-22,0.003910875595398933
2012-10-23,-0.0126046723767419
2012-10-24,-0.0018589346289074051
2012-10-25,-0.007167064090625619
2012-10-26,-0.018912038421133648
2012-10-29,-0.005361876625679107
2012-10-30,0.001801548759444937
2012-10-31,0.00666910131873033
2012-11-01,0.019098642020205503
2012-11-02,0.0038687766658369593
2012-11-05,-0.002121577579771494
2012-11-06,-0.004202651745529695
2012-11-07,-0.0020508627933091272
2012-11-08,-0.01840433135665276
2012-11-09,-0.0019956310776898523
2012-11-12,0.004874774869652043
2012-11-13,-0.01750029309260659
2012-11-14,0.004822729655945546
2012-11-15,-0.013263851091488976
2012-11-16,-0.007468466550542341
2012-11-19,-0.0010357149418528386
2012-11-20,-0.0046455492796503295
2012-11-21,0.013864503406884944
2012-11-22,-0.007904702546271179
2012-11-23,0.00694818846536438
2012-11-26,-0.0077882003542701925
2012-11-27,-0.011473162103862069
2012-11-28,-0.009986338937561734
2012-11-29,-0.00633348065270789
2012-11-30,0.01133680204341303
2012-12-03,-0.014399944664131413
2012-12-04,0.010727647770111705
2012-12-05,0.0358461026717205
2012-12-06,-0.0019367012126577652
2012-12-07,0.019583844995602732
2012-12-10,0.010810692923177713
2012-12-11,-0.005524326675901636
2012-12-12,0.0041031658180208375
2012-12-13,-0.011082267269961863
2012-12-14,0.05048971410862646
2012-12-17,0.004599159968843747
2012-12-18,0.0005999915494148134
2012-12-19,0.001262182659662603
2012-12-20,0.0057808392612908035
2012-12-21,-0.005373160864402093
2012-12-24,0.003884903975629017
2012-12-25,0.02821162456004633
2012-12-26,0.0037673659683181695
2012-12-27,-0.005299845093971078
2012-12-28,0.014503430835549837
2012-12-31,0.017299254974397767
2013-01-04,0.0005774981053938699
2013-01-07,0.004585627764756017
2013-01-08,-0.004201523273994257
2013-01-09,0.00031520632947001914
2013-01-10,0.0017588196313247373
2013-01-11,-0.01870685999868016
2013-01-14,0.03805326127664377
2013-01-15,0.007033721595593122
2013-01-16,-0.007228444104757758
2013-01-17,-0.009442425803968256
2013-01-18,0.016719563703257334
2013-01-21,0.005956217811322162
2013-01-22,-0.005362139769535257
2013-01-23,0.004065619827964051
2013-01-24,-0.009473218340021905
2013-01-25,-0.004290379846326964
2013-01-28,0.031181634997281767
2013-01-29,0.00905137256336408
2013-01-30,0.004800315112938991
2013-01-31,-0.0006802516149930772
2013-02-01,0.021006504937693515
2013-02-04,0.0017147081423847244
2013-02-05,0.008605079715345187
2013-02-06,0.0015041446056986985
2013-02-07,-0.005754646154466969
2013-02-08,0.00429549217897951
2013-02-18,-0.012358368885802109
2013-02-19,-0.018946319431329076
2013-02-20,0.006340840763686018
2013-02-21,-0.03407267352047172
2013-02-22,-0.0053417882598642
2013-02-25,0.0032180494214753
2013-02-26,-0.014343790307720703
2013-02-27,0.010547613622865049
2013-02-28,0.030312058109737805
2013-03-01,-0.0016799291669146175
2013-03-04,-0.046132845929835915
2013-03-05,0.030283044252793268
2013-03-06,0.010444916457825748
2013-03-07,-0.011592701235604077
2013-03-08,-0.00479179256638429
2013-03-11,-0.005583201984558972
2013-03-12,-0.014178906422380731
2013-03-13,-0.011006743973564048
2013-03-14,0.002685276990654017
2013-03-15,0.002209706689058289
2013-03-18,-0.01471727129663569
2013-03-19,0.009032592698561048
2013-03-20,0.03369256705781987
2013-03-21,0.001844321489678391
2013-03-22,0.0012696042964632779
2013-03-25,-0.0019902165826174434
2013-03-26,-0.01456011774534205
2013-03-27,0.003293139939030354
2013-03-28,-0.03260190514528572
2013-03-29,-0.0016880713095096533
2013-04-01,-0.0007598945606218653
2013-04-02,-0.0027258284276309164
2013-04-03,-0.0011438265341211509
2013-04-08,-0.004529006296236759
2013-04-09,0.006929178064627228
2013-04-10,-0.001655399027086335
2013-04-11,-0.0029907749901521012
2013-04-12,-0.006361900272652932
2013-04-15,-0.010273293822539277
2013-04-16,0.009345794392523256
2013-04-17,-0.00045495350448376826
2013-04-18,0.002594293286930505
2013-04-19,0.027983841619635408
2013-04-22,-0.0012459414158899618
2013-04-23,-0.032085969328280665
2013-04-24,0.01882365620985116
2013-04-25,-0.011101231417638968
2013-04-26,-0.00833470090665045
2013-05-02,0.0009532931313043225
2013-05-03,0.017665051870908274
2013-05-06,0.013266011796646104
2013-05-07,0.0015657270852573735
2013-05-08,0.005083128519354885
2013-05-09,-0.005900586676566455
2013-05-10,0.00515943941634478
2013-05-13,-0.0039624753427610635
2013-05-14,-0.014789976797557003
2013-05-15,0.005449321351537639
2013-05-16,0.01826301145826048
2013-05-17,0.015410687234620246
2013-05-20,0.0067741801077758615
2013-05-21,0.002010264380805316
2013-05-22,0.001216511979832191
2013-05-23,-0.013439474048083431
2013-05-24,0.0055671082591355345
2013-05-27,0.000908276054316426
2013-05-28,0.01722273576533495
2013-05-29,-0.0006799379358096713
2013-05-30,-0.0031174304017959065
2013-05-31,-0.010589817573623206
2013-06-03,-0.001459086120227382
2013-06-04,-0.014199905249434819
2013-06-05,-0.001998311549515797
2013-06-06,-0.01276840540214397
2013-06-07,-0.01728151844753134
2013-06-13,-0.03390401584439007
2013-06-14,0.0070143507933750895
2013-06-17,-0.005350941400736886
2013-06-18,0.006200914453921458
2013-06-19,-0.007433607097895867
2013-06-20,-0.033030721457535384
2013-06-21,-0.0017540640267831311
2013-06-24,-0.06308120241961435
2013-06-25,-0.002666255221742797
2013-06-26,0.0013281481984335206
2013-06-27,-0.0034875296142548033
2013-06-28,0.018467789895567854
2013-07-01,0.005761053948421191
2013-07-02,0.0039158421500398175
2013-07-03,-0.008171075939340633
2013-07-04,0.008236123690233521
2013-07-05,0.002191739885930577
2013-07-08,-0.028394381478043632
2013-07-09,-0.0004390791539546912
2013-07-10,0.02838899526464766
2013-07-11,0.04614208667462516
2013-07-12,-0.02205495537003677
2013-07-15,0.014030227131991202
2013-07-16,0.004572883334915234
2013-07-17,-0.015105390862558797
2013-07-18,-0.01643044003160976
2013-07-19,-0.024428502205468328
2013-07-22,0.005346321670429921
2013-07-23,0.028905784199267263
2013-07-24,-0.00736767078065792
2013-07-25,-0.005098812840934164
2013-07-26,-0.0061112320199063755
2013-07-29,-0.021599742446969602
2013-07-30,0.006166445309448321
2013-07-31,0.0016593678233369769
2013-08-01,0.02386798849623406
2013-08-02,0.0008457426056531768
2013-08-05,0.013823927150493851
2013-08-06,0.0067207150503723065
2013-08-07,-0.0056756920546851
2013-08-08,-0.001684188925569874
2013-08-09,0.004053088965039198
2013-08-12,0.029214220410234363
2013-08-13,0.0026666167968807386
2013-08-14,-0.004233875411815302
2013-08-15,-0.011708413506564264
2013-08-16,-0.007508692371044566
2013-08-19,0.011842141810581408
2013-08-20,-0.008134492564649043
2013-08-21,-0.0016761334766148828
2013-08-22,-0.0020172494974203263
2013-08-23,-0.007379992117822809
2013-08-26,0.02128924859494985
2013-08-27,0.002254223296980218
2013-08-28,-0.0054787065211772115
2013-08-29,-0.004185895871920532
2013-08-30,-0.001898364800926311
2013-09-02,0.002780574871105612
2013-09-03,0.014721093079302028
2013-09-04,-0.001615203554721889
2013-09-05,-0.003813333821131471
2013-09-06,0.006852611418456833
2013-09-09,0.035129201936396015
2013-09-10,0.014047723334626559
2013-09-11,0.003230441384560523
2013-09-12,0.009894119310206673
2013-09-13,-0.0073991357771125985
2013-09-16,-0.004223549179517838
2013-09-17,-0.02060531231969132
2013-09-18,0.002137334890055742
2013-09-23,0.01635265630973759
2013-09-24,-0.011488548259749544
2013-09-25,-0.006078436587646285
2013-09-26,-0.018355886917823198
2013-09-27,0.004415286924451367
2013-09-30,0.005873140008793243
2013-10-08,0.013604606321945491
2013-10-09,0.004821011945641995
2013-10-10,-0.009890026137285736
2013-10-11,0.016132517905238286
2013-10-14,0.001634185508007313
2013-10-15,-0.002032321392316128
2013-10-16,-0.018701390912402967
2013-10-17,-0.0033208459174576266
2013-10-18,0.005272382972904666
2013-10-21,0.01865910651617808
2013-10-22,-0.010290443738209755
2013-10-23,-0.011202461597838996
2013-10-24,-0.0074343878062809185
2013-10-25,-0.013310499306189327
2013-10-28,-0.001099824830202656
2013-10-29,0.0025778185036562373
2013-10-30,0.014931369577324103
2013-10-31,-0.01402010657656938
2013-11-01,0.0047360301434291605
2013-11-04,-0.0018893398631423255
2013-11-05,0.001392591497252127
2013-11-06,-0.012669432314959872
2013-11-07,-0.0055303267209615425
2013-11-08,-0.01393132901982097
2013-11-11,0.0034420230984706372
2013-11-12,0.010411120740242641
2013-11-13,-0.022172649572649528
2013-11-14,0.007160913170486172
2013-11-15,0.020062043800371358
2013-11-18,0.03325301799352886
2013-11-19,-0.006892000215735218
2013-11-20,0.005259594811793278
2013-11-21,-0.006128626512980184
2013-11-22,-0.004990479209656118
2013-11-25,-0.0038920550033737507
2013-11-26,-0.0005078226882448966
2013-11-27,0.011336524510181743
2013-11-28,0.010374486276760964
2013-11-29,-0.00024021020442477334
2013-12-02,-0.008264232389099568
2013-12-03,0.009920671013747384
2013-12-04,0.013243495945609585
2013-12-05,-0.002803079427990851
2013-12-06,-0.006446000866219492
2013-12-09,-0.0005770123969991436
2013-12-10,0.0009996442082655932
2013-12-11,-0.016532277458890517
2013-12-12,-0.0011389431950009632
2013-12-13,-0.001400821156714693
2013-12-16,-0.016087165544978018
2013-12-17,-0.004876425458091194
2013-12-18,0.0003607234159572759
2013-12-19,-0.01052762866182544
2013-12-20,-0.023269493785397888
2013-12-23,0.002838285335028168
2013-12-24,0.0015959016056188435
2013-12-25,0.00736895651170677
2013-12-26,-0.017255575655825698
2013-12-27,0.016838135127093867
2013-12-30,-0.0017451870606101096
2013-12-31,0.013293567440675114
2014-01-02,-0.003454038710297591
2014-01-03,-0.013436389147528538
2014-01-06,-0.022761689364185652
2014-01-07,-0.00028410144208279586
2014-01-08,0.001747094840440111
2014-01-09,-0.008782685842569138
2014-01-10,-0.00781650429907732
2014-01-13,-0.005067009063197458
2014-01-14,0.008737376799431429
2014-01-15,-0.0017646957809084316
2014-01-16,0.0013142044083569446
2014-01-17,-0.015080629556153191
2014-01-20,-0.005735629482466642
2014-01-21,0.009887843589522216
2014-01-22,0.025777517703585492
2014-01-23,-0.005306632153725066
2014-01-24,0.006178174631444433
2014-01-27,-0.013251677221756686
2014-01-28,0.0017762382108732488
2014-01-29,0.0035705034788307
2014-01-30,-0.01137050724465294
2014-02-07,0.0045553815069583345
2014-02-10,0.024881999093326224
2014-02-11,0.007950487181228594
2014-02-12,0.0024869156907578733
2014-02-13,-0.0051029003433066275
2014-02-14,0.007028129186674059
2014-02-17,0.0070012959715974885
2014-02-18,-0.012633849372330586
2014-02-19,0.01148506730948684
2014-02-20,-0.009191494965035796
2014-02-21,-0.010117004366461124
2014-02-24,-0.021986985788947862
2014-02-25,-0.025558713014939168
2014-02-26,0.00254690999481455
2014-02-27,-0.0042973923051855545
2014-02-28,0.01154213252074632
2014-03-03,0.00523136838443472
2014-03-04,-0.002783547985043544
2014-03-05,-0.009292336626419928
2014-03-06,0.004463080921415008
2014-03-07,-0.002427271564578004
2014-03-10,-0.03254582499753289
2014-03-11,0.0051835577205885395
2014-03-12,0.0025954859505630252
2014-03-13,0.012392308150760643
2014-03-14,-0.00817489614933764
2014-03-17,0.009516514700146585
2014-03-18,-0.002288806824704115
2014-03-19,-0.008073866312338862
2014-03-20,-0.015985421077199358
2014-03-21,0.034418848022033766
2014-03-24,0.008224947401285432
2014-03-25,-0.0009712600744111732
2014-03-26,-0.0015604017586137164
2014-03-27,-0.007065715297734255
2014-03-28,-0.0017358574240375901
2014-03-31,-0.002630154300836796
2014-04-01,0.007832064874284006
2014-04-02,0.008141961939148068
2014-04-03,-0.007208146641005553
2014-04-04,0.0094521590682346
2014-04-08,0.023722106711959512
2014-04-09,0.0005828412258259696
2014-04-10,0.015697617282075527
2014-04-11,-0.0013611808804881993
2014-04-14,-0.0009041400188316563
2014-04-15,-0.017257240437218546
2014-04-16,0.001373873439478368
2014-04-17,-0.003459310216319955
2014-04-18,-0.00014563087158736554
2014-04-21,-0.01673695278759646
2014-04-22,0.004364845687365948
2014-04-23,-0.0009682287150143408
2014-04-24,-0.0019109951938061085
2014-04-25,-0.010339314687140888
2014-04-28,-0.015156659252172466
2014-04-29,0.011007653975303457
2014-04-30,8.756202309978534e-05
2014-05-05,-0.0010140554853732553
2014-05-06,0.0003978724489559493
2014-05-07,-0.009276289929023409
2014-05-08,-0.0008515352900552164
2014-05-09,-0.0007422163281972648
2014-05-12,0.02162367596399295
2014-05-13,-0.0023861794249134816
2014-05-14,-0.0011403074783938873
2014-05-15,-0.0130217108303734
2014-05-16,0.0008712345225281304
2014-05-19,-0.014356798288125859
2014-05-20,0.0002969066394094
2014-05-21,0.009516152740537631
2014-05-22,-0.002358250952172569
2014-05-23,0.008234203151016528
2014-05-26,0.003519805773002816
2014-05-27,-0.004033440075399629
2014-05-28,0.010279050706009318
2014-05-29,-0.006540201866732431
2014-05-30,0.000603202354901855
2014-06-03,-0.003035524822116109
2014-06-04,-0.010067360708641115
2014-06-05,0.01049113037137128
2014-06-06,-0.0073867689140063595
2014-06-09,-0.00020377417886030533
2014-06-10,0.012644539308554135
2014-06-11,-0.0002322710556950103
2014-06-12,-0.003404348272788571
2014-06-13,0.010602718479063578
2014-06-16,0.007174294035314111
2014-06-17,-0.010119738760091312
2014-06-18,-0.00434857955619139
2014-06-19,-0.01542977420553926
2014-06-20,0.004617973423379329
2014-06-23,-0.0012257052719365502
2014-06-24,0.005018954037045775
2014-06-25,-0.00533844083026036
2014-06-26,0.0073615887719482576
2014-06-27,0.0005500038155932252
2014-06-30,0.006910798611143409
2014-07-01,-0.00025818454236659066
2014-07-02,0.002914219478424851
2014-07-03,0.0042955187950251
2014-07-04,-0.0006866367732749622
2014-07-07,-0.0011043308035314503
2014-07-08,0.0019225387804651106
2014-07-09,-0.014567022843208766
2014-07-10,-0.00272861391253354
2014-07-11,0.002408944735671659
2014-07-14,0.011056285145918832
2014-07-15,0.0014817488873071214
2014-07-16,-0.001888756473634734
2014-07-17,-0.006356904242911021
2014-07-18,0.0032803787363215875
2014-07-21,0.0009939264670004722
2014-07-22,0.01218809072633209
2014-07-23,0.002341863767833185
2014-07-24,0.01782756014674436
2014-07-25,0.01047780189225378
2014-07-28,0.02806648575905535
2014-07-29,0.003215288801526217
2014-07-30,-0.004013950601556515
2014-07-31,0.01216187175685235
2014-08-01,-0.008870967398801333
2014-08-04,0.01984114377853197
2014-08-05,-0.002638048172687424
2014-08-06,-0.0025880482984174114
2014-08-07,-0.015133582513019328
2014-08-08,0.001579835846591493
2014-08-11,0.014677405932048691
2014-08-12,-0.0035077276122889023
2014-08-13,0.0007844544795785335
2014-08-14,-0.009731650459260388
2014-08-15,0.010569598171189742
2014-08-18,0.0058996837715274975
2014-08-19,8.675284115566839e-05
2014-08-20,-0.003633197011244982
2014-08-21,-0.00502759769075356
2014-08-22,0.004723384661912578
2014-08-25,-0.009512700793619988
2014-08-26,-0.00801199216514148
2014-08-27,0.001507255306588462
2014-08-28,-0.007010240183537131
2014-08-29,0.011685742693003707
2014-09-01,0.007283109387342224
2014-09-02,0.013222423987938823
2014-09-03,0.00937706896407242
2014-09-04,0.007217587899227773
2014-09-05,0.009494176959752965
2014-09-09,-0.0016474370411622141
2014-09-10,-0.005231013600390022
2014-09-11,-0.0036913658053479015
2014-09-12,0.006149900101260375
2014-09-15,-0.0004794209874022792
2014-09-16,-0.01986879146426479
2014-09-17,0.005258365724548186
2014-09-18,0.0030558116640557738
2014-09-19,0.006869783415204278
2014-09-22,-0.019087411363382326
2014-09-23,0.00863501084525753
2014-09-24,0.01767146135258657
2014-09-25,-0.002006254238565264
2014-09-26,9.684176834712231e-05
2014-09-29,0.004348430843414297
2014-09-30,0.0013028030487796105
2014-10-08,0.011177125306202962
2014-10-09,0.0014412623069155472
2014-10-10,-0.006110505629634555
2014-10-13,-0.004800978113653097
2014-10-14,-0.003415146402405589
2014-10-15,0.0070760520272936675
2014-10-16,-0.007905842587729639
2014-10-17,-0.0010894311271296695
2014-10-20,0.005315489169163357
2014-10-21,-0.00868534014798472
2014-10-22,-0.006061500186365421
2014-10-23,-0.009387503147428644
2014-10-24,-0.0021828629813149814
2014-10-27,-0.009149598486806965
2014-10-28,0.020187586118390888
2014-10-29,0.014371529549339625
2014-10-30,0.007155549681322927
2014-10-31,0.015958362445193552
2014-11-03,0.0016835936332013635
2014-11-04,0.0002483534642920837
2014-11-05,-0.003869213885878131
2014-11-06,0.0010461571400723901
2014-11-07,-0.0015618097999775538
2014-11-10,0.02540891783995636
2014-11-11,-0.0027742591776999115
2014-11-12,0.013955222597251904
2014-11-13,-0.0056153486195602564
2014-11-14,0.0005205930807248293
2014-11-17,-0.0054209592602822996
2014-11-18,-0.010005449727143569
2014-11-19,-0.0016498676328472461
2014-11-20,-4.8872330102534e-05
2014-11-21,0.01827126178363536
2014-11-24,0.025470929433645928
2014-11-25,0.013703082146019785
2014-11-26,0.013947551368224342
2014-11-27,0.011557764216027831
2014-11-28,0.01972379641966393
2014-12-01,0.003913744531064411
2014-12-02,0.03692728451400318
2014-12-03,0.014914464729098409
2014-12-04,0.04609932304403408
2014-12-05,0.006614587074721845
2014-12-08,0.04096022733636584
2014-12-09,-0.044873452179775335
2014-12-10,0.03689610877420768
2014-12-11,-0.011961337817308682
2014-12-12,0.003209224470407168
2014-12-15,0.007516221051619532
2014-12-16,0.02678517033918637
2014-12-17,0.017314271771948997
2014-12-18,-0.004365592076172153
2014-12-19,0.011129949936146131
2014-12-22,0.0033442038184932077
2014-12-23,-0.02049120322075748
2014-12-24,-0.028433431861901167
2014-12-25,0.032514390699560414
2014-12-26,0.03310528602253582
2014-12-29,0.002790612097663292
2014-12-30,0.0006074453291968762
2014-12-31,0.022024529479510724
2015-01-05,0.0001323790688367854
2015-01-06,-0.0007494943451734626
2015-01-07,0.02374960630850409
2015-01-08,0.003534530325599139
2015-01-09,0.00943397837416926
2015-01-12,-0.00013204175251280148
2015-01-13,0.0033168466515896
2015-01-14,-0.028217143653057275
2015-01-15,-0.0085347328552966
2015-01-16,0.08345098810636165
2015-01-19,-0.012091965719555398
2015-01-20,-0.04301717299940688
2015-01-21,-0.005249448300586268
2015-01-22,-0.0011532220222569833
2015-01-23,-0.010047990776014926
2015-01-26,0.009246052581154629
2015-01-27,0.014071902064009434
2015-01-28,0.012500725200025986
2015-01-29,0.013803906952908562
2015-01-30,0.02398060799771007
2015-02-02,-0.024286934045490205
2015-02-03,0.010487781647660954
2015-02-04,0.010342310212281491
2015-02-05,0.016461076795816876
2015-02-06,-0.010012489834637428
2015-02-09,-0.017911071597030093
2015-02-10,-0.007914973367298184
2015-02-11,-0.00254148133216614
2015-02-12,-0.007768108390387107
2015-02-13,-0.008474108889798937
2015-02-16,-0.006484074993711508
2015-02-17,0.012531300943534385
2015-02-25,-0.02455377359416433
2015-02-26,-0.0018327141718793571
2015-02-27,-0.007892226759208198
2015-03-02,0.026615638986287937
2015-03-03,-0.0064919726907785025
2015-03-04,0.009861157826575484
2015-03-05,0.0051240182606395734
2015-03-06,-0.016742279697547935
2015-03-09,0.004868189072862572
2015-03-10,-0.0011467795553207205
2015-03-11,-0.018979671814306487
2015-03-12,-0.0068588592008584914
2015-03-13,-0.023751164094167998
2015-03-16,-0.013694258530864811
2015-03-17,-0.02312317426557864
2015-03-18,0.001644903468699166
2015-03-19,-0.013573280816241429
2015-03-20,-0.020011525502755423
2015-03-23,-0.00024792061305101143
2015-03-24,0.00828187509326428
2015-03-25,-0.002427089222047929
2015-03-26,-0.005463155925540253
2015-03-27,-0.028492154695808236
2015-03-30,0.009126669503683349
2015-03-31,-0.01762678244717686
2015-04-01,-0.0002135873560162871
2015-04-02,-0.010972685058858067
2015-04-03,-0.021010581111368887
2015-04-07,-0.008324171289977644
2015-04-08,0.007898618017530223
2015-04-09,-0.0189387940749689
2015-04-10,-0.017339003450067447
2015-04-13,-0.003855405724503491
2015-04-14,0.013165353007741354
2015-04-15,-0.02947416510211709
2015-04-16,-0.017969442157499294
2015-04-17,0.016412722120851875
2015-04-20,-0.021052510800655733
2015-04-21,-0.025454585348707925
2015-04-22,-0.00022738337004923892
2015-04-23,0.008133940056236577
2015-04-24,-0.021830263466616984
2015-04-27,0.013861857190668347
2015-04-28,-0.006799912699719357
2015-04-29,0.005145386647174233
2015-04-30,-0.007906651592055502
2015-05-04,0.041529425559357236
2015-05-05,0.009555650187214715
2015-05-06,0.01862110575427023
2015-05-07,-0.019374105498328076
2015-05-08,-0.02816908615056879
2015-05-11,-0.011983137792077048
2015-05-12,0.006142925325256288
2015-05-13,0.00375639947259776
2015-05-14,0.018041914728195385
2015-05-15,0.00925217588969951
2015-05-18,-0.032989785725548115
2015-05-19,-0.004983681110025229
2015-05-20,-0.017776787160275087
2015-05-21,-0.02228873627011707
2015-05-22,-0.02905385729371235
2015-05-25,-0.01912378691104566
2015-05-26,0.0033743554390539554
2015-05-27,0.07187143088539183
2015-05-28,-0.0014092627523095702
2015-05-29,-0.046363613261076964
2015-06-01,-0.016600766776381337
2015-06-02,0.003553938008278301
2015-06-03,-0.0073003209933346636
2015-06-04,-0.009394037187661963
2015-06-05,-0.02301171645823652
2015-06-08,0.006824685691159793
2015-06-09,0.0015725793692051848
2015-06-10,0.00047525812244764154
2015-06-11,-0.005346651384271928
2015-06-12,0.02182423967668523
2015-06-15,0.03086921154157518
2015-06-16,-0.014402110986353023
2015-06-17,0.042242751822819
2015-06-18,0.06329455149286733
2015-06-19,-0.031140241825791004
2015-06-23,-0.019269978463688497
2015-06-24,0.03688712679431938
2015-06-25,0.08540446797764889
2015-06-26,0.034507521084085724
2015-06-29,-0.06292197630225793
2015-06-30,0.05172324606985135
2015-07-01,0.03530185004868569
2015-07-02,0.05714991559270399
2015-07-03,-0.028165280327319464
2015-07-06,0.017958248472505156
2015-07-07,0.07233336245304445
2015-07-08,-0.0601878577494529
2015-07-09,-0.050877133172290256
2015-07-10,-0.024989256400454907
2015-07-13,0.02423549724596641
2015-07-14,0.03665207877461696
2015-07-15,-0.0076550523345407795
2015-07-16,-0.03712874864506799
2015-07-17,-0.002189582777525345
2015-07-20,-0.0012962042817948882
2015-07-21,0.002128857200588863
2015-07-22,-0.022031095250081845
2015-07-23,0.017846025649621344
2015-07-24,0.0936306049393385
2015-07-27,0.002004675827650404
2015-07-28,-0.030350754888840203
2015-07-29,0.030133065646942292
2015-07-30,-0.0003379883145124829
2015-07-31,-0.003274801266047511
2015-08-03,-0.030120359863835322
2015-08-04,0.02101424914013794
2015-08-05,0.009147017759046028
2015-08-06,-0.01921964504189988
2015-08-07,-0.04343887414429681
2015-08-10,0.004349996434429126
2015-08-11,0.012584253995762129
2015-08-12,-0.014557865860540864
2015-08-13,0.00047133451494274503
2015-08-14,-0.001061828846922519
2015-08-17,0.06599554034730915
2015-08-18,-0.015627332005537675
2015-08-19,0.03314945034494676
2015-08-20,0.04789193044234086
2015-08-21,0.09586540193495385
2015-08-24,0.07643948431281711
2015-08-25,0.005697873873397485
2015-08-26,-0.05613543629353257
2015-08-27,-0.04088514162445511
2015-08-28,-0.007203241310069108
2015-08-31,0.0013265597487270853
2015-09-01,-0.00111413826604434
2015-09-02,0.0354838808918041
2015-09-07,-0.025053838909184778
2015-09-08,-0.01920683903498066
2015-09-09,0.01243462514445004
2015-09-10,0.003098121110543417
2015-09-11,0.020133307732397077
2015-09-14,0.0408916862031008
2015-09-15,-0.04744881770793985
2015-09-16,0.022320049428483202
2015-09-17,-0.0043890541234655744
2015-09-18,-0.017223607647547823
2015-09-21,-0.009218246017556053
2015-09-22,0.023291235446808667
2015-09-23,-0.006687975646879729
2015-09-24,0.016414239081669058
2015-09-25,-0.003330506514532483
2015-09-28,0.020101609072463278
2015-09-29,-0.007524313523470494
2015-09-30,-0.02837268844343066
2015-10-08,-0.013065398847945553
2015-10-09,-0.031200600982106863
2015-10-12,0.0007692218377726157
2015-10-13,0.011429460587004003
2015-10-14,-0.023147165612219744
2015-10-15,-0.013369854021001326
2015-10-16,-3.112461730858662e-05
2015-10-19,-0.012164239595270687
2015-10-20,0.030072698481249605
2015-10-21,-0.014549457658184273
2015-10-22,-0.01307949059710345
2015-10-23,-0.00502053348043896
2015-10-26,-0.0010075482621183518
2015-10-27,0.019279870181450942
2015-10-28,-0.0023745439828375403
2015-10-29,-0.0002178784860558114
2015-10-30,0.016720560650870464
2015-11-02,0.0030212177787269923
2015-11-03,-0.04493542857457822
2015-11-04,-0.02089331538031869
2015-11-05,-0.023040199084191637
2015-11-06,-0.012233259989323897
2015-11-09,0.0018548277697196802
2015-11-10,-0.00010694768693031431
2015-11-11,0.01009928016609929
2015-11-12,0.013101136072435349
2015-11-13,-0.004752758273492197
2015-11-16,0.001527249700004507
2015-11-17,0.011521754342525226
2015-11-18,-0.015732575358214707
2015-11-19,0.0001563170639944378
2015-11-20,0.005605673879797823
2015-11-23,-0.0001465146821030272
2015-11-24,-0.007330211206338144
2015-11-25,0.005899830559420005
2015-11-26,0.056913289044950854
2015-11-27,-0.0026413115710196555
2015-11-30,-0.007041233956065374
2015-12-01,-0.03499509665632261
2015-12-02,-0.00729469500973523
2015-12-03,0.019499182888794042
2015-12-04,-0.0027172070799243997
2015-12-07,0.01782766863003804
2015-12-08,-0.0035534139727277925
2015-12-09,0.003549466200028828
2015-12-10,0.004162901947306841
2015-12-11,-0.02782298481402845
2015-12-14,0.004582623924382689
2015-12-15,0.0024284752973864343
2015-12-16,-0.018757205349464345
2015-12-17,-0.0031900974280171246
2015-12-18,-0.025362393816801054
2015-12-21,-0.002778114544990218
2015-12-22,0.002676922599434084
2015-12-23,0.009656865305269768
2015-12-24,-0.002292741389192776
2015-12-25,0.029662278713284307
2015-12-28,-0.009101856257659025
2015-12-29,-0.0008791080373314886
2015-12-30,0.00916108281961936
2015-12-31,0.07550438590169684
2016-01-04,-0.00279120841214453
2016-01-05,-0.01724103836081592
2016-01-06,0.07449960235309816
2016-01-07,-0.01998476897630852
2016-01-08,0.05297185547150307
2016-01-11,-0.0072332393157343855
2016-01-12,0.018958262037846785
2016-01-13,-0.020390679078834295
2016-01-14,0.03297496096167363
2016-01-15,-0.0038329718627924114
2016-01-18,-0.028667785661763645
2016-01-19,0.015357329620272253
2016-01-20,0.030191312249501
2016-01-21,-0.010313284898473163
2016-01-22,-0.004931461316952657
2016-01-25,0.06406371683823542
2016-01-26,0.0034671626256250754
2016-01-27,0.02683827651939885
2016-01-28,-0.03133984365718623
2016-01-29,0.015525413212457595
2016-02-01,-0.020355718545383206
2016-02-02,0.004303678984209691
2016-02-03,-0.012101475495517322
2016-02-04,0.00707540007895302
2016-02-05,0.005796294850867634
2016-02-15,-0.029742775860706505
2016-02-16,-0.00857892743820432
2016-02-17,0.0031502767134952148
2016-02-18,0.0006914428216109325
2016-02-19,-0.02157191546938464
2016-02-22,0.009552140249112995
2016-02-23,-0.006492900902059784
2016-02-24,0.06537044967880101
2016-02-25,-0.009932056322357719
2016-02-26,0.02452154149304775
