Date,zz500
2005-01-05,0.016927290468292
2005-01-06,-0.009005283803940278
2005-01-07,0.0030273628964552213
2005-01-10,0.00875195217350333
2005-01-11,0.0019933680268140463
2005-01-12,0.00027470811023633246
2005-01-13,0.004411968828696765
2005-01-14,-0.012734559309820705
2005-01-17,-0.02264317330371157
2005-01-18,0.01421655983190151
2005-01-19,-0.005222816992613621
2005-01-20,-0.013970216204761354
2005-01-21,0.016510653875777326
2005-01-24,0.019884291551300448
2005-01-25,-0.008552086691298588
2005-01-26,-0.011603186624421058
2005-01-27,-0.01678416527068538
2005-01-28,-0.0195187636469204
2005-01-31,-0.03124694854018162
2005-02-01,-0.010103473353470949
2005-02-02,0.05574320810308642
2005-02-03,-0.019633017818122656
2005-02-04,0.01768305067533249
2005-02-16,0.010715904318793212
2005-02-17,0.005075400812681208
2005-02-18,-0.01279377696281081
2005-02-21,0.017672624224037037
2005-02-22,0.026348033598860843
2005-02-23,0.011481728471510966
2005-02-24,0.005089977218721843
2005-02-25,-0.0003201730496287247
2005-02-28,-0.0031939678826072852
2005-03-01,0.00030856729754802364
2005-03-02,-0.014702858116537819
2005-03-03,0.00510859237408412
2005-03-04,-0.007987833337288697
2005-03-07,0.003731023414838219
2005-03-08,0.022348610113878342
2005-03-09,0.0030044965452660217
2005-03-10,-0.026153697157522585
2005-03-11,0.003867554410792229
2005-03-14,-0.001652411153180933
2005-03-15,-0.01382761474389882
2005-03-16,-0.009976545308005071
2005-03-17,-0.013161692664821034
2005-03-18,-0.022098611073920197
2005-03-21,4.633973980228134e-05
2005-03-22,-0.028422847381873395
2005-03-23,0.0006828794533495497
2005-03-24,0.010997688459847057
2005-03-25,-0.002067826863963673
2005-03-28,-0.009119438447011465
2005-03-29,-0.006622437624807187
2005-03-30,-0.030390124027744107
2005-03-31,0.008008333436451355
2005-04-01,0.035129030386086946
2005-04-04,-0.019056736808740538
2005-04-05,-0.008930946179124488
2005-04-06,0.018644981280718342
2005-04-07,0.014997436196120706
2005-04-08,0.018366828161182847
2005-04-11,-0.0009984654386665515
2005-04-12,-0.02224438566212872
2005-04-13,0.02460508297301089
2005-04-14,-0.015579402438780643
2005-04-15,-0.023683352486837502
2005-04-18,-0.013307112565711487
2005-04-19,0.0018499242052649747
2005-04-20,-0.020715895811295067
2005-04-21,-0.01895184049461418
2005-04-22,-0.011445496974616276
2005-04-25,-0.0190610927675614
2005-04-26,0.016862095123047368
2005-04-27,-0.01787451475609192
2005-04-28,0.024600185962786014
2005-04-29,-0.015111269137454975
2005-05-09,-0.03446392271926624
2005-05-10,-0.00038001023950429147
2005-05-11,-0.007967358034832284
2005-05-12,-0.005002649186145458
2005-05-13,0.00912434520934724
2005-05-16,-0.008230679930001816
2005-05-17,0.012725029727619576
2005-05-18,0.007560586715213312
2005-05-19,0.0003601558492585255
2005-05-20,-0.00704293645598475
2005-05-23,-0.03101583387252327
2005-05-24,0.018922194616768584
2005-05-25,0.0011796083551882663
2005-05-26,-0.013181474057579523
2005-05-27,-0.010044754600612715
2005-05-30,0.008260450721746526
2005-05-31,-0.0008275530010082299
2005-06-01,-0.022838046762842627
2005-06-02,-0.011881752674100632
2005-06-03,-0.004489089848080607
2005-06-06,0.015983717314192347
2005-06-07,0.002099690314953495
2005-06-08,0.07888244315529769
2005-06-09,0.009942236379195668
2005-06-10,-0.02132454617670421
2005-06-13,0.0031830015452045672
2005-06-14,-0.019251976620973
2005-06-15,-0.026804254752252232
2005-06-16,0.009651370155477013
2005-06-17,-0.004736642432007332
2005-06-20,0.02948994984608877
2005-06-21,-0.009148595479360309
2005-06-22,0.003001726298920593
2005-06-23,-0.01136020775743396
2005-06-24,0.0047643347043975215
2005-06-27,0.02599965814193994
2005-06-28,-0.01833771600750766
2005-06-29,-0.006082686442519858
2005-06-30,-0.027715265630220757
2005-07-01,-0.03935555437636285
2005-07-04,-0.014294695088590603
2005-07-05,-0.006521829047489991
2005-07-06,-0.0015458067808675755
2005-07-07,0.005345392524521042
2005-07-08,-0.03286514373483107
2005-07-11,-0.0115915523743384
2005-07-12,0.035073305574022884
2005-07-13,-0.00958847057741763
2005-07-14,0.00013789468941616254
2005-07-15,-0.02464834876812849
2005-07-18,-0.024689008072913854
2005-07-19,0.00892303630059943
2005-07-20,0.006012237826889644
2005-07-21,-0.0035416722631215203
2005-07-22,0.02363405733355295
2005-07-25,-0.003573383972444333
2005-07-26,0.02363997790968297
2005-07-27,0.0192346108843926
2005-07-28,-0.003713259068151897
2005-07-29,-0.003218553858918893
2005-08-01,0.0076031282516026985
2005-08-02,0.0170582341090062
2005-08-03,0.008465982785048842
2005-08-04,-0.005833047526995761
2005-08-05,0.029476179399996468
2005-08-08,0.015610184572852459
2005-08-09,0.017583678387036006
2005-08-10,0.011856013245130637
2005-08-11,0.010926892268999122
2005-08-12,-0.01975767283310981
2005-08-15,0.028517147525802814
2005-08-16,-0.00047995217151564084
2005-08-17,0.01818498112632017
2005-08-18,-0.039626646819406315
2005-08-19,0.0002497977247692962
2005-08-22,0.012946036456486842
2005-08-23,-0.01753706572250502
2005-08-24,0.011998815052747249
2005-08-25,0.011735589972856396
2005-08-26,0.004797840314292756
2005-08-29,-0.009736670827230287
2005-08-30,-0.005644951985465996
2005-08-31,0.0212579300344391
2005-09-01,0.023975852578619783
2005-09-02,0.008181140622020909
2005-09-05,0.013530318572812172
2005-09-06,-0.024651415259699827
2005-09-07,0.02972088984116938
2005-09-08,0.0017621393384941175
2005-09-09,-0.011450055637356793
2005-09-12,0.004613969480490754
2005-09-13,0.023484513236777138
2005-09-14,0.01180124979127739
2005-09-15,0.0038492518440234047
2005-09-16,-0.000943925182769756
2005-09-19,0.014004433120685887
2005-09-20,-0.006801799913808804
2005-09-21,-0.015552501731301847
2005-09-22,-0.03272634144035913
2005-09-23,-0.013027080281768577
2005-09-26,0.0072431146659543985
2005-09-27,-0.02044030908508987
2005-09-28,-0.0053666574091144606
2005-09-29,0.022211298290978343
2005-09-30,-0.0020452409126228144
2005-10-10,-0.012375950105174229
2005-10-11,0.02314415870546416
2005-10-12,0.010343457888081664
2005-10-13,-0.004799985580892896
2005-10-14,-0.008372856415190477
2005-10-17,0.0030865712462602173
2005-10-18,0.01700356298726491
2005-10-19,-0.008263408597301791
2005-10-20,0.00026739958976174094
2005-10-21,0.009560645693253987
2005-10-24,0.003050187312784836
2005-10-25,-0.022478242998940638
2005-10-26,-0.026834112562202472
2005-10-27,-0.007534881760317025
2005-10-28,-0.02658115392647176
2005-10-31,0.004358455051311161
2005-11-01,-0.0064332855855062645
2005-11-02,0.02063333203777851
2005-11-03,-0.013578225334279105
2005-11-04,0.007499040904517473
2005-11-07,0.008238317275799156
2005-11-08,0.008269576556825475
2005-11-09,-0.004540823237707103
2005-11-10,-0.02821052880690089
2005-11-11,0.0032717660108929625
2005-11-14,0.0043849428852995595
2005-11-15,-0.008552761159492439
2005-11-16,0.007557669736779626
2005-11-17,-0.0010826281130094095
2005-11-18,0.021725678344677982
2005-11-21,0.0038163505732822242
2005-11-22,-0.01793123153686493
2005-11-23,0.007629503793712411
2005-11-24,0.004273866297903607
2005-11-25,-0.0006760136343276768
2005-11-28,-0.003314588708047572
2005-11-29,-0.013523120635731023
2005-11-30,0.003016910417712016
2005-12-01,-0.0015756479807113033
2005-12-02,-0.01247173062317597
2005-12-05,-0.02560083339039254
2005-12-06,0.002449411865091511
2005-12-07,0.00988886913896736
2005-12-08,-0.0015084694922270492
2005-12-09,0.016931057983194275
2005-12-12,0.0064916992187500355
2005-12-13,0.0004160006209688039
2005-12-14,0.009276714500988659
2005-12-15,-0.00597468147644542
2005-12-16,0.008456399033761608
2005-12-19,0.00020969711348928224
2005-12-20,0.0016856113246246365
2005-12-21,-0.0064021987300851855
2005-12-22,0.005701966618759213
2005-12-23,0.01207176993978476
2005-12-26,0.008964165806319535
2005-12-27,0.0015905406783416345
2005-12-28,0.0031362416123090764
2005-12-29,0.01113034673112412
2005-12-30,-0.007633138620612434
2006-01-04,0.013485155168224459
2006-01-05,0.012620880318447105
2006-01-06,0.010431252067445218
2006-01-09,0.014718478821445391
2006-01-10,0.006765237529113843
2006-01-11,-0.0051525969857033616
2006-01-12,0.02308228607737917
2006-01-13,0.0054764831467943855
2006-01-16,-0.013047735171833994
2006-01-17,-0.0011441523276383148
2006-01-18,0.021600623967261257
2006-01-19,0.011475441256644459
2006-01-20,0.003006591129924629
2006-01-23,0.008711450519485853
2006-01-24,-0.0007450037406263599
2006-01-25,-0.0026719341742046376
2006-02-06,0.024142110928630167
2006-02-07,0.0006769224495621895
2006-02-08,0.0013946987185886606
2006-02-09,-0.01359794006366588
2006-02-10,0.011576182190790485
2006-02-13,-0.0034716522515780834
2006-02-14,0.008860277717527065
2006-02-15,0.00010648482439123974
2006-02-16,-0.02795790950970467
2006-02-17,-0.008968380642401795
2006-02-20,-0.006555837779857354
2006-02-21,0.017220388550115873
2006-02-22,-7.291537545695004e-05
2006-02-23,-0.0012761121186899427
2006-02-24,0.008804429229745558
2006-02-27,-0.003912473905639424
2006-02-28,0.0013982036145692154
2006-03-01,0.007609414486600351
2006-03-02,-0.01923529962440862
2006-03-03,0.0011412160454136178
2006-03-06,-0.002206490182375953
2006-03-07,-0.024964535134629928
2006-03-08,-0.00403413398580188
2006-03-09,-0.005082015073040513
2006-03-10,0.0016878049840782785
2006-03-13,0.007415781781805686
2006-03-14,0.003449583099089049
2006-03-15,0.011771764294246756
2006-03-16,0.003006293698133877
2006-03-17,-0.0019015930865774464
2006-03-20,0.013153196111155284
2006-03-21,0.003962817082889592
2006-03-22,0.012719717228497409
2006-03-23,0.008953470549932785
2006-03-24,-0.006700372435491597
2006-03-27,0.010144015667131079
2006-03-28,0.010534958014615459
2006-03-29,0.003201544463660833
2006-03-30,-0.010771731896434213
2006-03-31,0.01346968510279578
2006-04-03,0.025530591821452786
2006-04-04,0.012011253787332254
2006-04-05,0.01016945234074651
2006-04-06,0.004793709341201158
2006-04-07,0.013682353398950077
2006-04-10,0.021168231736431675
2006-04-11,0.003382169576059857
2006-04-12,0.0009941438712584016
2006-04-13,-0.029947138148256006
2006-04-14,0.02398912194525216
2006-04-17,0.004898073210112486
2006-04-18,0.00385637847926823
2006-04-19,0.002670055478123157
2006-04-20,-0.00800428106383344
2006-04-21,0.009796208457014677
2006-04-24,-0.0074119289245719875
2006-04-25,0.007935122786978832
2006-04-26,0.012467148176117382
2006-04-27,0.007619015213854441
2006-04-28,0.014542530124764587
2006-05-08,0.03419769901505232
2006-05-09,0.031646577365828536
2006-05-10,0.0192735536009534
2006-05-11,-0.00305983306633284
2006-05-12,0.037086797891695784
2006-05-15,0.04771215812077334
2006-05-16,-0.03494026428259145
2006-05-17,0.016205779655636743
2006-05-18,0.00700548763197828
2006-05-19,0.02818915138163813
2006-05-22,0.015451284263063638
2006-05-23,-0.043693591048986624
2006-05-24,-0.01316813406567552
2006-05-25,0.01239862977795414
2006-05-26,0.02308216577768141
2006-05-29,0.023624475378476232
2006-05-30,0.016589262600142485
2006-05-31,-0.005820457668045176
2006-06-01,0.038085845577224164
2006-06-02,0.0013889833425038134
2006-06-05,0.01819705946714256
2006-06-06,-0.009324997136678115
2006-06-07,-0.06776161566977168
2006-06-08,0.003844445141518715
2006-06-09,-0.02150893953036126
2006-06-12,0.004531070249041758
2006-06-13,0.006612538093808684
2006-06-14,-0.010024046547770782
2006-06-15,0.0033074209980428204
2006-06-16,0.022238556098484352
2006-06-19,0.011273789975477566
2006-06-20,0.012095894477448077
2006-06-21,-0.003111869701499459
2006-06-22,0.0005501587378111683
2006-06-23,0.013629490433493485
2006-06-26,0.01861150510341392
2006-06-27,0.005180707098920712
2006-06-28,-0.0019751673737579134
2006-06-29,0.018040173950757854
2006-06-30,-0.0014575006518099398
2006-07-03,0.018891719016551182
2006-07-04,-0.003453609745401209
2006-07-05,-0.007411658898000328
2006-07-06,0.02772399002174053
2006-07-07,0.0013487727532310867
2006-07-10,0.005701205447775415
2006-07-11,0.007614642202781852
2006-07-12,0.00013893842082701724
2006-07-13,-0.06547891886355195
2006-07-14,0.007322346274570624
2006-07-17,0.016543043808531444
2006-07-18,0.007893400624702005
2006-07-19,-0.022725462500796545
2006-07-20,0.008187569022123808
2006-07-21,0.0058117405647635225
2006-07-24,0.00239177086151976
2006-07-25,0.014409260413722482
2006-07-26,0.003748587116611413
2006-07-27,-0.011354695271162951
2006-07-28,-0.009588731945624374
2006-07-31,-0.04494964861934137
2006-08-01,-0.011327369540870323
2006-08-02,-0.004998928243412304
2006-08-03,-0.0005014769673696852
2006-08-04,-0.033099811869627634
2006-08-07,-0.022920360383767657
2006-08-08,0.0311726142721378
2006-08-09,0.0017619176697265535
2006-08-10,0.017368061167402304
2006-08-11,0.004936225149948514
2006-08-14,-0.02944397433210466
2006-08-15,0.01954014008938376
2006-08-16,0.017314352508130515
2006-08-17,-0.008239105302089933
2006-08-18,-0.007751565860725562
2006-08-21,0.005827139740876453
2006-08-22,0.011397956451292046
2006-08-23,-0.00373923054755454
2006-08-24,0.009490031904176188
2006-08-25,0.0029621045410468394
2006-08-28,0.02549161034272851
2006-08-29,-0.0006045339359000979
2006-08-30,0.008393068028892392
2006-08-31,0.007650490513827712
2006-09-01,-0.018886411244003032
2006-09-04,0.022378869795791845
2006-09-05,0.0038465606291384624
2006-09-06,0.004598185555443114
2006-09-07,-0.016366010801567073
2006-09-08,0.0009623057307104332
2006-09-11,0.005434480250650964
2006-09-12,0.003919882963590693
2006-09-13,-0.01458452781767805
2006-09-14,0.0011957357321716875
2006-09-15,0.011507729957023871
2006-09-18,0.015663234068864496
2006-09-19,0.0033297036623425318
2006-09-20,0.002859950970380609
2006-09-21,0.003071265216273877
2006-09-22,-0.008255855974243609
2006-09-25,0.003241055131725901
2006-09-26,-0.0040131363020108335
2006-09-27,0.009448349025328096
2006-09-28,0.008421951459818056
2006-09-29,0.010116122745676526
2006-10-09,0.018518148339924382
2006-10-10,0.005878364390217161
2006-10-11,0.0016647721622400358
2006-10-12,-0.015181114592909271
2006-10-13,0.005468033696359065
2006-10-16,-0.005569019094958327
2006-10-17,0.0009086935297064613
2006-10-18,0.012802604256653805
2006-10-19,0.0055332086945028
2006-10-20,-0.005933466050658032
2006-10-23,-0.031853980913179814
2006-10-24,0.025866426074970802
2006-10-25,-0.007092194084533099
2006-10-26,-0.005882236488769066
2006-10-27,-0.016978332230566218
2006-10-30,-0.001989204448917259
2006-10-31,0.009443981728845195
2006-11-01,0.004462134131272054
2006-11-02,-0.0017384363630258415
2006-11-03,0.0024769928827694803
2006-11-06,-0.005839364245590173
2006-11-07,-0.009708517297738806
2006-11-08,-0.002753582245981767
2006-11-09,0.01078840683349025
2006-11-10,-0.025354030465672417
2006-11-13,-0.035488044001118164
2006-11-14,0.011093057310785914
2006-11-15,0.015550216321091215
2006-11-16,-0.01466607744572723
2006-11-17,0.009619361785769165
2006-11-20,-0.006833948989161898
2006-11-21,0.00751779732492963
2006-11-22,0.01565563292162908
2006-11-23,0.005664929608152347
2006-11-24,0.015042585543773248
2006-11-27,0.022865251671160717
2006-11-28,0.006464379863041936
2006-11-29,0.012566106954251756
2006-11-30,0.01679275741109265
2006-12-01,0.003319957433600917
2006-12-04,0.020862910606202826
2006-12-05,0.0073719469190962625
2006-12-06,-0.015708540590095518
2006-12-07,-0.009842105486559949
2006-12-08,-0.03780065992695236
2006-12-11,0.03187407195724501
2006-12-12,0.0032832427558022736
2006-12-13,0.005074431969781967
2006-12-14,0.016775953610139286
2006-12-15,0.016486531036548957
2006-12-18,0.016307316631462454
2006-12-19,0.0042557032421493
2006-12-20,0.01824783869024249
2006-12-21,-0.01060420204532786
2006-12-22,-0.005171577218813893
2006-12-25,0.009500716271039877
2006-12-26,-0.010339193164670024
2006-12-27,0.006803426267549373
2006-12-28,-0.01944234336578432
2006-12-29,0.01256625705979375
2007-01-04,-0.0014251401677494169
2007-01-05,0.02714473517798477
2007-01-08,0.046026631271268936
2007-01-09,0.02154847502435264
2007-01-10,0.025879671499801082
2007-01-11,0.005875830571631102
2007-01-12,-0.036103729262240924
2007-01-15,0.05568531045254077
2007-01-16,0.03447050372532323
2007-01-17,-0.00942328429559669
2007-01-18,0.02444033874175866
2007-01-19,0.03559743608309773
2007-01-22,0.04600215406470887
2007-01-23,0.0012390515036393435
2007-01-24,0.009687481347696592
2007-01-25,-0.04792975947761868
2007-01-26,0.005533430317458121
2007-01-29,0.03399671586766506
2007-01-30,-0.0020605185535141897
2007-01-31,-0.05011086297584422
2007-02-01,0.010506367332729472
2007-02-02,-0.017687684290006
2007-02-05,0.011821706884101555
2007-02-06,0.0213678708328493
2007-02-07,0.01806218523099634
2007-02-08,0.01809741441251433
2007-02-09,0.003921973100074805
2007-02-12,0.023472696503118676
2007-02-13,0.018404389100377786
2007-02-14,0.02172716741088476
2007-02-15,0.031381070042640465
2007-02-16,0.011545524959779565
2007-02-26,0.039625656476387716
2007-02-27,-0.08952679558868393
2007-02-28,0.044878685918620535
2007-03-01,-0.021492457031596524
2007-03-02,0.017957228083143484
2007-03-05,0.0032907599502651767
2007-03-06,0.0016270448534108086
2007-03-07,0.025673260326001257
2007-03-08,0.021034667559483244
2007-03-09,0.0012023322513101675
2007-03-12,0.02215654232089115
2007-03-13,0.011480821228430749
2007-03-14,-0.0068811401104692535
2007-03-15,0.01925545476461488
2007-03-16,-0.018104246382627972
2007-03-19,0.014982693690307247
2007-03-20,0.021529164154379558
2007-03-21,0.017181399459354374
2007-03-22,0.0007485118953931558
2007-03-23,0.012880503127068454
2007-03-26,0.031418920434410184
2007-03-27,0.01688930700747493
2007-03-28,-0.011593553485501396
2007-03-29,-0.03645314458134108
2007-03-30,0.010807388059675738
2007-04-02,0.02309108754969147
2007-04-03,0.016311635038398054
2007-04-04,0.011977146132686745
2007-04-05,0.017617000351748846
2007-04-06,0.015848308183925353
2007-04-09,0.018067441938647063
2007-04-10,0.0065503153718387
2007-04-11,0.014783872707477162
2007-04-12,0.02346615826899057
2007-04-13,-0.00849616167150613
2007-04-16,0.02960580379154365
2007-04-17,0.028960977332133764
2007-04-18,0.025714571571821443
2007-04-19,-0.058616647770208814
2007-04-20,0.05198557532787307
2007-04-23,0.04644350874047665
2007-04-24,0.010353609062950795
2007-04-25,-0.004283752410101482
2007-04-26,0.012673434171360798
2007-04-27,-0.0019349804023544024
2007-04-30,0.015049093650679303
2007-05-08,0.0480171448084108
2007-05-09,0.00195373750987815
2007-05-10,0.007063700896239754
2007-05-11,-0.004524620519800847
2007-05-14,0.005943199048620951
2007-05-15,-0.032669251197317006
2007-05-16,0.02984962652330947
2007-05-17,0.025199246552872312
2007-05-18,0.003143598648290613
2007-05-21,0.030452270680029207
2007-05-22,0.021918785671273037
2007-05-23,0.02746594980551853
2007-05-24,-0.0023114999303842643
2007-05-25,0.017092714023668076
2007-05-28,0.024053212819233002
2007-05-29,0.019308646216971592
2007-05-30,-0.0818692268879272
2007-05-31,-0.04229941617210242
2007-06-01,-0.07201377015362309
2007-06-04,-0.08629188358269102
2007-06-05,0.011399988061971513
2007-06-06,0.021035858228315663
2007-06-07,0.053475699711875935
2007-06-08,0.016790939568163354
2007-06-11,0.025402536381414542
2007-06-12,0.02774603117368968
2007-06-13,0.03652870400309505
2007-06-14,-0.013848961585169128
2007-06-15,0.001056360484464669
2007-06-18,0.028415185345636473
2007-06-19,0.020239751215594737
2007-06-20,-0.0293252444837564
2007-06-21,-0.004942884997968577
2007-06-22,-0.05744055075702581
2007-06-25,-0.06579113628564126
2007-06-26,0.019927340584390718
2007-06-27,0.023827202005343828
2007-06-28,-0.06571716323418886
2007-06-29,-0.04590021548822265
2007-07-02,0.01654001716922049
2007-07-03,0.016438807174075976
2007-07-04,-0.022184756361233515
2007-07-05,-0.06689794226005219
2007-07-06,0.06248130646335581
2007-07-09,0.03350720350439396
2007-07-10,-0.0284308004334386
2007-07-11,0.013067541977163309
2007-07-12,0.0048898109139901
2007-07-13,-0.00417577478600184
2007-07-16,-0.03385838294566645
2007-07-17,0.022173437400907936
2007-07-18,0.0038663498765503243
2007-07-19,0.00439831682504499
2007-07-20,0.04078310416610576
2007-07-23,0.05174379688888986
2007-07-24,0.0020656054977077343
2007-07-25,0.0285014922293132
2007-07-26,0.020467144213073718
2007-07-27,0.018823249813106013
2007-07-30,0.01951511639862313
2007-07-31,0.011599111619970293
2007-08-01,-0.055057198863471164
2007-08-02,0.04221828900047697
2007-08-03,0.016425894510966762
2007-08-06,0.02184572895887915
2007-08-07,-0.0075931145578579376
2007-08-08,-0.01671423413394924
2007-08-09,0.010609435670300149
2007-08-10,-0.02099228736216996
2007-08-13,-0.004379587891954695
2007-08-14,0.02458355130128309
2007-08-15,-0.005277257187786154
2007-08-16,0.005929122019037836
2007-08-17,-0.010830467233421182
2007-08-20,0.040922976084764695
2007-08-21,0.011969839217025545
2007-08-22,0.012924190535491986
2007-08-23,0.010412037588435341
2007-08-24,0.0019252872774084828
2007-08-27,-0.003881337217552128
2007-08-28,0.0011105833705855606
2007-08-29,-0.005994345204682339
2007-08-30,0.030260522363472212
2007-08-31,0.011133827871917079
2007-09-03,0.02270421893337904
2007-09-04,-0.005650817266217301
2007-09-05,0.006063612921438644
2007-09-06,0.01093373838417522
2007-09-07,-0.024930140370722498
2007-09-10,0.02018735305151753
2007-09-11,-0.06363023500374387
2007-09-12,0.011117747194335779
2007-09-13,0.0213575631098466
2007-09-14,0.013141279477476564
2007-09-17,0.022465034292179945
2007-09-18,0.009636664733733593
2007-09-19,-0.013174028926037362
2007-09-20,0.00993756140511004
2007-09-21,-0.009890574627914872
2007-09-24,0.005147704949229892
2007-09-25,-0.008243763761862533
2007-09-26,-0.016065836036273432
2007-09-27,0.008148976963301413
2007-09-28,0.0223085332039874
2007-10-08,0.0009729229982393672
2007-10-09,0.010473615905055134
2007-10-10,-0.006377419051197375
2007-10-11,-0.02027793544851364
2007-10-12,-0.022797332053673625
2007-10-15,-0.00016150841499751323
2007-10-16,0.010829559423841228
2007-10-17,-0.0028366203376960497
2007-10-18,-0.023343779211674187
2007-10-19,-0.00010593083920906744
2007-10-22,-0.026103293094737908
2007-10-23,9.171783668748824e-05
2007-10-24,-0.019640106621804262
2007-10-25,-0.07508492625583718
2007-10-26,-0.005304249303245467
2007-10-29,0.014150807317000469
2007-10-30,0.02320888250739328
2007-10-31,0.036883304275182834
2007-11-01,-0.02617125509017981
2007-11-02,-0.02289905957867333
2007-11-05,0.007446593023747282
2007-11-06,0.007597426059269939
2007-11-07,-0.0020830437056927886
2007-11-08,-0.041087988296925386
2007-11-09,-0.012462758432109087
2007-11-12,-0.01316563758958078
2007-11-13,0.00389234647519765
2007-11-14,0.036331431040738986
2007-11-15,-0.012497903960956848
2007-11-16,0.0015493846159693179
2007-11-19,0.022776098422945038
2007-11-20,0.013538652719044642
2007-11-21,-0.014469050313884346
2007-11-22,-0.045286418089964135
2007-11-23,0.019612190574547
2007-11-26,-0.0100391513550373
2007-11-27,-0.010338699903368996
2007-11-28,-0.007522601267330732
2007-11-29,0.02629350710304279
2007-11-30,-0.0148939123836066
2007-12-03,0.011479937093311188
2007-12-04,0.0056955640447617925
2007-12-05,0.01884351868078671
2007-12-06,0.004217835290758698
2007-12-07,0.016581419823689547
2007-12-10,0.02787823631086916
2007-12-11,0.011397842603791286
2007-12-12,0.0021486516791742183
2007-12-13,-0.03125521901317152
2007-12-14,0.02200817873655669
2007-12-17,0.001447262269614891
2007-12-18,-0.00848416415115538
2007-12-19,0.02189214765527292
2007-12-20,0.012215422126492292
2007-12-21,0.0151772420133931
2007-12-24,0.017287526273394915
2007-12-25,0.008919804938065656
2007-12-26,0.02027575542411575
2007-12-27,0.010301982091421193
2007-12-28,-0.003193341409700179
2008-01-02,0.035639682488671776
2008-01-03,0.020846287247259454
2008-01-04,0.00234822967035897
2008-01-07,0.019983475210527013
2008-01-08,-0.027535404238672845
2008-01-09,0.02998335561301957
2008-01-10,0.004824808521712631
2008-01-11,-0.0010272510435080928
2008-01-14,0.012703659818289692
2008-01-15,0.007710783011961818
2008-01-16,-0.013518463709712658
2008-01-17,-0.02622526030817796
2008-01-18,0.008820411325763278
2008-01-21,-0.04141497951648998
2008-01-22,-0.08541901026165988
2008-01-23,0.05367682105681326
2008-01-24,0.034378258562907986
2008-01-25,0.003102584056528191
2008-01-28,-0.06988633799583642
2008-01-29,0.021123294774117785
2008-01-30,0.002229045935286278
2008-01-31,-0.03875376023461974
2008-02-01,-0.044278281045114005
2008-02-04,0.08154946221914794
2008-02-05,0.0038602709699449007
2008-02-13,-0.005251916978628811
2008-02-14,0.020104990442666226
2008-02-15,-0.004957276027532154
2008-02-18,0.03215871581263774
2008-02-19,0.017889039059761025
2008-02-20,-0.00855618765171584
2008-02-21,0.012606890464744502
2008-02-22,-0.024139043748245048
2008-02-25,-0.03172354717392312
2008-02-26,-0.00017249685501274925
2008-02-27,0.0222890009764185
2008-02-28,0.0024263988660599978
2008-02-29,0.013669947480785316
2008-03-03,0.033635405765205295
2008-03-04,-0.0067216529079914275
2008-03-05,0.004168437618738975
2008-03-06,0.0018376606514700637
2008-03-07,-0.020656148182747414
2008-03-10,-0.03275327429144659
2008-03-11,0.013656867244515423
2008-03-12,-0.026894702719255426
2008-03-13,-0.03940787087971176
2008-03-14,-0.005622692447062483
2008-03-17,-0.07715092670681267
2008-03-18,-0.07351228811136667
2008-03-19,0.04770491272775712
2008-03-20,0.041005045868704126
2008-03-21,0.013366245428950041
2008-03-24,-0.02071674607613128
2008-03-25,0.012228302122500478
2008-03-26,-0.0035005281245500397
2008-03-27,-0.053369754458413084
2008-03-28,0.029532366373488106
2008-03-31,-0.04652982044828047
2008-04-01,-0.084029862777806
2008-04-02,-0.055004315286697365
2008-04-03,0.025207669027647928
2008-04-07,0.06509459250850291
2008-04-08,0.022611881473566964
2008-04-09,-0.054619292560738615
2008-04-10,0.02926685909096572
2008-04-11,0.015487756398391284
2008-04-14,-0.0660593010030388
2008-04-15,0.032171329817050065
2008-04-16,-0.024062738449861287
2008-04-17,-0.03350905075440147
2008-04-18,-0.049443124176731024
2008-04-21,-0.007119846962831744
2008-04-22,-0.01451890568307923
2008-04-23,0.0438990161288495
2008-04-24,0.09188204262217957
2008-04-25,0.00893321669127456
2008-04-28,-0.007126104468989647
2008-04-29,0.00803928182451452
2008-04-30,0.0382048891554696
2008-05-05,0.035094735623125706
2008-05-06,-0.0037545552043868335
2008-05-07,-0.04341973520431097
2008-05-08,0.035055344803136324
2008-05-09,0.00026171855494205865
2008-05-12,0.02079779441277996
2008-05-13,0.002391657215459197
2008-05-14,0.021969037065839414
2008-05-15,-0.008932259818072885
2008-05-16,-0.014364168537770228
2008-05-19,-0.00045703367707039533
2008-05-20,-0.06292651513532144
2008-05-21,0.024865919319547958
2008-05-22,-0.009521916346105663
2008-05-23,-0.010824596744510528
2008-05-26,-0.026345522887891604
2008-05-27,0.003965939264917395
2008-05-28,0.027706135824950632
2008-05-29,-0.025483604166915752
2008-05-30,0.0017110243848312836
2008-06-02,0.008659530182810737
2008-06-03,-0.004502458058056158
2008-06-04,-0.017771751827120874
2008-06-05,-0.012578298837119473
2008-06-06,-0.007536322070317736
2008-06-10,-0.08736521408305352
2008-06-11,-0.025921020141910445
2008-06-12,-0.009104028822503607
2008-06-13,-0.04767407495437903
2008-06-16,-0.022096774988054516
2008-06-17,-0.0626394897203254
2008-06-18,0.057520020320360965
2008-06-19,-0.0843686183958231
2008-06-20,0.022746402713333502
2008-06-23,-0.01675336796561855
2008-06-24,0.03267329391909901
2008-06-25,0.05704805588194839
2008-06-26,0.012271078012535021
2008-06-27,-0.07012181925094453
2008-06-30,0.007523530054194705
2008-07-01,-0.017291013023347124
2008-07-02,0.01669436946124936
2008-07-03,0.04634847797668296
2008-07-04,-0.0001482226372003792
2008-07-07,0.05228002590880565
2008-07-08,0.01534002510626564
2008-07-09,0.02667678657806971
2008-07-10,-0.022831569671189825
2008-07-11,-0.006266794269543796
2008-07-14,0.020946247254393983
2008-07-15,-0.028772943065678788
2008-07-16,-0.05079956192621127
2008-07-17,-0.0102278223085025
2008-07-18,0.03338474332752295
2008-07-21,0.041020983500884345
2008-07-22,0.003346383144625431
2008-07-23,-0.008675514243582927
2008-07-24,0.024993859455014308
2008-07-25,-0.008925137507478698
2008-07-28,0.013769132025794216
2008-07-29,-0.020475482967778902
2008-07-30,-0.005471111111111093
2008-07-31,-0.036884018787231465
2008-08-01,0.015443039065469844
2008-08-04,-0.02403672287986336
2008-08-05,-0.03091565423748777
2008-08-06,0.002229680180141358
2008-08-07,0.006734761478775607
2008-08-08,-0.07243483956364183
2008-08-11,-0.07499140844052499
2008-08-12,-0.014021023762352702
2008-08-13,-0.00045160197411098224
2008-08-14,0.004609472960401151
2008-08-15,-0.0040178025007890925
2008-08-18,-0.0745521819998004
2008-08-19,0.016477991487339416
2008-08-20,0.08324727902952245
2008-08-21,-0.03555944154427848
2008-08-22,-0.019981892977708467
2008-08-25,-0.003552116810624839
2008-08-26,-0.05436551729947858
2008-08-27,-0.0031741747078942732
2008-08-28,-0.00046606880569766135
2008-08-29,0.03144368980304213
2008-09-01,-0.02995503558924006
2008-09-02,0.007026662085291457
2008-09-03,-0.007317950831782993
2008-09-04,0.007780876778945789
2008-09-05,-0.04698965000922528
2008-09-08,-0.05065850188552279
2008-09-09,0.008663216478935977
2008-09-10,0.007410229878968222
2008-09-11,-0.018603266679788955
2008-09-12,0.002169353082491998
2008-09-16,-0.02217093581077767
2008-09-17,-0.01877438284471078
2008-09-18,-0.02899334623357963
2008-09-19,0.09872096531237706
2008-09-22,0.045986584410966584
2008-09-23,-0.06441062639042107
2008-09-24,0.022697124714217143
2008-09-25,0.023708325732362482
2008-09-26,-0.0009653588642065668
2008-10-06,-0.03837030038843625
2008-10-07,-0.00382221979881614
2008-10-08,-0.024719588738294832
2008-10-09,-0.012925872289675788
2008-10-10,-0.0672200181235294
2008-10-13,0.019344139884315048
2008-10-14,-0.03023417106837512
2008-10-15,-0.005246322233967593
2008-10-16,-0.056578763122021265
2008-10-17,0.012809719781879949
2008-10-20,0.03484939759036143
2008-10-21,-0.0021829612597141783
2008-10-22,-0.018973850372251855
2008-10-23,0.010149584867683805
2008-10-24,-0.01438307700145469
2008-10-27,-0.07835084347922472
2008-10-28,0.023241510557978184
2008-10-29,-0.03966006010760903
2008-10-30,0.00843093324945743
2008-10-31,-0.017735843836033438
2008-11-03,-0.014229633129366868
2008-11-04,-0.01708019574034214
2008-11-05,0.032952867369895555
2008-11-06,-0.01712391636267574
2008-11-07,0.01602436030764065
2008-11-10,0.07369616473260354
2008-11-11,-0.008011205785201425
2008-11-12,0.024883813794165374
2008-11-13,0.04710114738303495
2008-11-14,0.046504981515799626
2008-11-17,0.04904296420051568
2008-11-18,-0.07288501902941791
2008-11-19,0.07049664562554891
2008-11-20,0.0022393352558494057
2008-11-21,-0.014184466313367894
2008-11-24,-0.040965310456835824
2008-11-25,-0.00798005149961134
2008-11-26,0.0039022959638703725
2008-11-27,0.014576182134693472
2008-11-28,-0.0107804490743576
2008-12-01,0.04237150071954154
2008-12-02,0.019717370635199627
2008-12-03,0.04220307133930956
2008-12-04,-0.001080430819338174
2008-12-05,0.029902494107393318
2008-12-08,0.043778494426909516
2008-12-09,-0.02554265356543539
2008-12-10,0.028653411912413777
2008-12-11,-0.031224054909887
2008-12-12,-0.044749793506247526
2008-12-15,0.02019545352540764
2008-12-16,0.0179519919885347
2008-12-17,0.012351652225998544
2008-12-18,0.018278254690683667
2008-12-19,0.009027024070072276
2008-12-22,-0.0006920292265036876
2008-12-23,-0.06334241329397416
2008-12-24,-0.021625818007480868
2008-12-25,-0.0032913719887129878
2008-12-26,-0.009848324522033549
2008-12-29,0.0005030858114174475
2008-12-30,-0.0066955367287147025
2008-12-31,-0.01624831470590915
2009-01-05,0.041666817054262666
2009-01-06,0.035465535581610697
2009-01-07,0.0062288110476067535
2009-01-08,-0.024999501169164384
2009-01-09,0.02702626321687851
2009-01-12,0.014268661701535956
2009-01-13,-0.02627370323611522
2009-01-14,0.03765819014715088
2009-01-15,0.00972054531717603
2009-01-16,0.006681610463898036
2009-01-19,-0.0012875552118432054
2009-01-20,0.010047395872049059
2009-01-21,0.0012583307409703706
2009-01-22,0.017469582337148015
2009-01-23,-0.008103734897736192
2009-02-02,0.030690117698993987
2009-02-03,0.02726107382230314
2009-02-04,0.022886463593419167
2009-02-05,-0.016140603914291396
2009-02-06,0.04569676496290609
2009-02-09,0.03428103972346763
2009-02-10,0.028684939834710214
2009-02-11,0.0018230726292989274
2009-02-12,0.01876262673764595
2009-02-13,0.03585332221533721
2009-02-16,0.01762346658300684
2009-02-17,-0.04059074201490731
2009-02-18,-0.03858642069977869
2009-02-19,0.020730310364053702
2009-02-20,0.033289810674573816
2009-02-23,0.034151435655241036
2009-02-24,-0.0409333266476124
2009-02-25,0.0061207447426514525
2009-02-26,-0.0721093227305567
2009-02-27,-0.06001961671948086
2009-03-02,0.025593837519947597
2009-03-03,0.008479075426576
2009-03-04,0.060635820253089674
2009-03-05,0.007607287457027434
2009-03-06,-0.0067772755771406965
2009-03-09,-0.0442662039767564
2009-03-10,0.025791302084770876
2009-03-11,-0.005399365038361692
2009-03-12,0.0038112045006302156
2009-03-13,-0.010627853037387558
2009-03-16,0.013009270988146636
2009-03-17,0.03708561238358876
2009-03-18,0.012947502476298169
2009-03-19,0.02289519982651611
2009-03-20,-0.004665097214848646
2009-03-23,0.021469369341540867
2009-03-24,0.007543921524087337
2009-03-25,-0.02780444716198771
2009-03-26,0.024319874902357208
2009-03-27,0.008575350694309371
2009-03-30,0.0018534476767619879
2009-03-31,0.0107220622541373
2009-04-01,0.01671546342507946
2009-04-02,0.0009774408936833456
2009-04-03,-0.010615243775994765
2009-04-07,0.011677929612749605
2009-04-08,-0.03414194081291033
2009-04-09,0.01669103449815279
2009-04-10,0.032367486511260424
2009-04-13,0.013622757674680576
2009-04-14,0.016082300781675274
2009-04-15,0.014322638137540757
2009-04-16,0.004910903006246414
2009-04-17,-0.012610864569551185
2009-04-20,0.02771830267110653
2009-04-21,-0.00025203656776107136
2009-04-22,-0.05068148149997065
2009-04-23,0.005610591861404446
2009-04-24,-0.007500059646195045
2009-04-27,-0.03972884267151744
2009-04-28,0.015033019971098628
2009-04-29,0.02705719552208952
2009-04-30,0.01518960276838466
2009-05-04,0.033710202490621954
2009-05-05,0.009516797095152851
2009-05-06,0.013650808929350557
2009-05-07,-0.006724603693156085
2009-05-08,0.00461416148516669
2009-05-11,-0.03776260226891803
2009-05-12,0.02474531618820186
2009-05-13,0.006852754504085734
2009-05-14,0.003835937159396785
2009-05-15,0.007448198198891864
2009-05-18,0.007616935382779077
2009-05-19,0.00906649399466142
2009-05-20,-0.005730513412745109
2009-05-21,-0.017843479186589798
2009-05-22,0.0021736887889822754
2009-05-25,0.005213342370981478
2009-05-26,0.001023383456095539
2009-05-27,0.0005798740644225031
2009-06-01,0.01696468571888965
2009-06-02,0.0064774361056521
2009-06-03,0.007831428399348583
2009-06-04,-0.0012765562152164955
2009-06-05,-0.005952534351855165
2009-06-08,-0.0016508839380912075
2009-06-09,0.004976661359581192
2009-06-10,0.010780504741586537
2009-06-11,-0.005938808324381095
2009-06-12,-0.02169969408781613
2009-06-15,0.0142395410666043
2009-06-16,-0.002193812162728181
2009-06-17,0.016305253258094954
2009-06-18,0.008025647759875021
2009-06-19,0.0008084444264400138
2009-06-22,-0.008422986818789946
2009-06-23,-0.0038230552137510365
2009-06-24,0.01159513600966
2009-06-25,-0.001157238760125523
2009-06-26,0.006123461804075525
2009-06-29,0.008214388969456365
2009-06-30,-0.007053924484322959
2009-07-01,0.0149151440663704
2009-07-02,0.010490177107182808
2009-07-03,0.012526165023164726
2009-07-06,0.0021707972812310405
2009-07-07,-0.000961131646922575
2009-07-08,0.012327582820287786
2009-07-09,0.01881333713873357
2009-07-10,0.004911137584790115
2009-07-13,0.009240397099976594
2009-07-14,0.015856831446452446
2009-07-15,0.009113038808812757
2009-07-16,-0.005047247957196244
2009-07-17,0.006177780412497835
2009-07-20,0.01727624366607383
2009-07-21,-0.02427345228612554
2009-07-22,0.018375969592248298
2009-07-23,0.009898414790054709
2009-07-24,-0.006393408986723692
2009-07-27,0.01655003739796146
2009-07-28,0.012653034100211348
2009-07-29,-0.06419979567029832
2009-07-30,0.01022249139359932
2009-07-31,0.032988669315015866
2009-08-03,0.02333716168471911
2009-08-04,0.012208147421091107
2009-08-05,-1.9659178649433784e-06
2009-08-06,-0.013249575238036382
2009-08-07,-0.030456582261237375
2009-08-10,0.010254487076577279
2009-08-11,0.00514766286800028
2009-08-12,-0.0463299836364266
2009-08-13,0.002122734531928128
2009-08-14,-0.044583313482295495
2009-08-17,-0.06969973665386964
2009-08-18,0.019854066417855483
2009-08-19,-0.05175493280580479
2009-08-20,0.03905280511995901
2009-08-21,0.027765635525172083
2009-08-24,0.021269061908708142
2009-08-25,-0.015777270566073143
2009-08-26,0.03132340234612108
2009-08-27,0.00956798322167729
2009-08-28,-0.027029246072406976
2009-08-31,-0.07175972203737313
2009-09-01,-0.009982620484399464
2009-09-02,0.006101179746301978
2009-09-03,0.0497287350914557
2009-09-04,0.017978714154754494
2009-09-07,0.010945918718005432
2009-09-08,0.018584428566811532
2009-09-09,0.00573479336206839
2009-09-10,-0.008780348756437741
2009-09-11,0.016789034652145318
2009-09-14,0.026019985633541017
2009-09-15,0.010340215213072046
2009-09-16,0.0015498463265515294
2009-09-17,0.0231688752160768
2009-09-18,-0.0333280171180409
2009-09-21,0.017273697687427925
2009-09-22,-0.025269094618738497
2009-09-23,-0.030336289934817406
2009-09-24,-0.007519246567989745
2009-09-25,-0.008927137820851305
2009-09-28,-0.02888364687850153
2009-09-29,-0.018220461734875903
2009-09-30,0.008466302934039938
2009-10-09,0.051702585085144685
2009-10-12,0.005988909654394137
2009-10-13,0.01701510035262599
2009-10-14,0.009173614904944616
2009-10-15,0.0031836232427244764
2009-10-16,0.0033724723329313644
2009-10-19,0.02455919547945506
2009-10-20,0.015138723710873991
2009-10-21,-0.0066958419300166
2009-10-22,0.004120108949420276
2009-10-23,0.013659276180516988
2009-10-26,0.0008233474523688943
2009-10-27,-0.026504651614036256
2009-10-28,0.010094338829866434
2009-10-29,-0.017915383545457186
2009-10-30,0.013283370902222423
2009-11-02,0.033466721251472535
2009-11-03,0.02462951076942299
2009-11-04,0.007468151184788719
2009-11-05,0.010358561639306927
2009-11-06,0.004691475383690857
2009-11-09,0.0074909466200996375
2009-11-10,0.0015760784715630474
2009-11-11,0.004011456522830414
2009-11-12,0.0032613025827297197
2009-11-13,0.0127604732219464
2009-11-16,0.022958710178185848
2009-11-17,0.005172769682653122
2009-11-18,0.004382170285389453
2009-11-19,0.015739160053181545
2009-11-20,0.007183648046597212
2009-11-23,0.018420719327692403
2009-11-24,-0.053074277460235415
2009-11-25,0.037818760771606286
2009-11-26,-0.040706725058066266
2009-11-27,-0.02612276846360151
2009-11-30,0.04507111885215398
2009-12-01,0.02723066250685524
2009-12-02,0.014605921214296382
2009-12-03,0.006655291737741821
2009-12-04,-0.02506717415908155
2009-12-07,0.01667967870979714
2009-12-08,-0.002068871279884421
2009-12-09,-0.016101443556579054
2009-12-10,0.008537950696196894
2009-12-11,-0.0003954540855543032
2009-12-14,-0.004668160166253378
2009-12-15,0.002193152507735663
2009-12-16,-0.0038585226063134743
2009-12-17,-0.031316417811740986
2009-12-18,-0.036987110434403836
2009-12-21,0.012586951763776888
2009-12-22,-0.028091182455363014
2009-12-23,0.01773124393556214
2009-12-24,0.03209440562181176
2009-12-25,0.007110447711732305
2009-12-28,0.016226889444775242
2009-12-29,0.0036874846111210062
2009-12-30,-0.0039288879569066015
2009-12-31,0.008814082198941309
2010-01-04,0.005634462254654471
2010-01-05,0.01040853984467893
2010-01-06,-0.0015789444813191222
2010-01-07,-0.02002602477782145
2010-01-08,0.012400779968402276
2010-01-11,0.006312394062446325
2010-01-12,0.02128199105911155
2010-01-13,-0.010476692979098146
2010-01-14,0.026807962668023544
2010-01-15,0.0071165227721090565
2010-01-18,0.017148280580194575
2010-01-19,0.00019755389348907748
2010-01-20,-0.03704791040029687
2010-01-21,0.003469091224951537
2010-01-22,-0.0277101368290984
2010-01-25,-0.012499228714730304
2010-01-26,-0.04168050236992205
2010-01-27,-0.006350155540388314
2010-01-28,0.016232989377126916
2010-01-29,0.008824870323894451
2010-02-01,-0.009894050928428877
2010-02-02,-0.006833410060475109
2010-02-03,0.01425251199041866
2010-02-04,0.010396786306184236
2010-02-05,-0.022036815282318708
2010-02-08,-9.254764173982631e-05
2010-02-09,0.0002312745337740285
2010-02-10,0.012606765801825848
2010-02-11,-0.0022291440022903512
2010-02-12,0.0137040668038253
2010-02-22,0.0007535858162830423
2010-02-23,0.008962004476929408
2010-02-24,0.021781256762772427
2010-02-25,0.01617196129913845
2010-02-26,0.001016422370363479
2010-03-01,0.011132397531561368
2010-03-02,0.0008593195520698593
2010-03-03,0.014528090249372516
2010-03-04,-0.03612764199314311
2010-03-05,0.003938277427149028
2010-03-08,0.01085808800183119
2010-03-09,0.0011908693002145032
2010-03-10,-0.013118100240208208
2010-03-11,-0.007854326402687017
2010-03-12,-0.015343625681369157
2010-03-15,-0.008480342481104963
2010-03-16,0.008239501117905279
2010-03-17,0.027738833543175637
2010-03-18,0.0032278658845557033
2010-03-19,0.0071151661439881045
2010-03-22,0.005637981750478138
2010-03-23,-0.0067314855364315465
2010-03-24,0.00524596737321259
2010-03-25,-0.013306669883932807
2010-03-26,0.014322786197648927
2010-03-29,0.007826016640740008
2010-03-30,0.0044059512944651935
2010-03-31,0.002473219609634425
2010-04-01,0.014940003031859606
2010-04-02,0.003306462071082983
2010-04-06,0.00200880620667232
2010-04-07,0.0022120775519152147
2010-04-08,0.00026379424953204555
2010-04-09,0.015263142965087797
2010-04-12,0.0075324305106763126
2010-04-13,-0.011355041214698323
2010-04-14,0.011714733286814605
2010-04-15,-0.012608919965573008
2010-04-16,-0.0032711755050667253
2010-04-19,-0.04283489191964352
2010-04-20,0.013030526126313724
2010-04-21,0.030325473996059667
2010-04-22,0.0017219121132132642
2010-04-23,-0.007800457122575598
2010-04-26,0.0004911429795542155
2010-04-27,-0.026154857452492464
2010-04-28,-0.005240681632547206
2010-04-29,-0.032460326079578605
2010-04-30,-0.026903801464462692
2010-05-04,-0.0010250792972055225
2010-05-05,0.029470487001849843
2010-05-06,-0.03177045601270767
2010-05-07,-0.015616837123830331
2010-05-10,-0.018766844765900514
2010-05-11,-0.02922296648386513
2010-05-12,-0.024572237107272743
2010-05-13,0.028528272986427124
2010-05-14,0.006493512740503471
2010-05-17,-0.06430088980680515
2010-05-18,0.014403874402669103
2010-05-19,0.0013149037021222831
2010-05-20,-0.019138241107141685
2010-05-21,0.02079534878117495
2010-05-24,0.04547325283718173
2010-05-25,-0.007236980052970244
2010-05-26,0.002737733545655541
2010-05-27,0.01784825879649521
2010-05-28,0.003955068900215908
2010-05-31,-0.0309204353293564
2010-06-01,-0.019144257185766067
2010-06-02,0.014364140793270419
2010-06-03,-0.007256069130887831
2010-06-04,0.008645813933697344
2010-06-07,-0.004027111531204719
2010-06-08,0.0090235448493432
2010-06-09,0.024958892195467097
2010-06-10,0.002774294905292685
2010-06-11,-0.0060543625931263065
2010-06-17,-0.012565998768459541
2010-06-18,-0.04172421254917991
2010-06-21,0.028882864929665075
2010-06-22,0.008002168818969979
2010-06-23,-0.006105751795873471
2010-06-24,0.00017755230832650068
2010-06-25,-0.01632654057888383
2010-06-28,-0.016644437179419325
2010-06-29,-0.05664689747163997
2010-06-30,-0.019405498875830873
2010-07-01,-0.015792486977631692
2010-07-02,-0.005827383350436199
2010-07-05,-0.006050352858229746
2010-07-06,0.02846671129964462
2010-07-07,0.014549288004858553
2010-07-08,-0.005464330987866029
2010-07-09,0.029543508956175524
2010-07-12,0.011008497732432287
2010-07-13,-0.015786123984288913
2010-07-14,0.009315734921613972
2010-07-15,-0.0231825140178753
2010-07-16,0.005899509958116722
2010-07-19,0.022590162642996736
2010-07-20,0.0283800408764201
2010-07-21,0.00204208274724782
2010-07-22,0.014758953757702862
2010-07-23,-0.0005965856484938525
2010-07-26,0.013853183203846431
2010-07-27,-0.0005477643110181063
2010-07-28,0.02296881881527613
2010-07-29,0.007620507884903648
2010-07-30,-0.0006938417373224537
2010-08-02,0.018316062732485202
2010-08-03,-0.017398272450470542
2010-08-04,0.012965582890857918
2010-08-05,0.004694193569041882
2010-08-06,0.02063212943904036
2010-08-09,0.01321300308630935
2010-08-10,-0.03786233722919874
2010-08-11,0.012114561305181404
2010-08-12,-0.01310220051448352
2010-08-13,0.01920505319700716
2010-08-16,0.02319264260527043
2010-08-17,0.007786919991002339
2010-08-18,-0.00014177527318093297
2010-08-19,0.0009784329681428172
2010-08-20,-0.021267343989269997
2010-08-23,0.008728522210853074
2010-08-24,0.011755349604674059
2010-08-25,-0.019789758637782096
2010-08-26,0.007091997260263881
2010-08-27,0.007310280491098275
2010-08-30,0.027435526659030263
2010-08-31,0.007965257368565792
2010-09-01,-0.01286909584469387
2010-09-02,0.021006885082409887
2010-09-03,0.00812146854484852
2010-09-06,-0.002358373222159371
2010-09-07,0.0060144502439078975
2010-09-08,0.008639636986954136
2010-09-09,-0.013212085904191984
2010-09-10,0.010154767841796808
2010-09-13,0.0179335686702895
2010-09-14,0.00328267385822012
2010-09-15,-0.01566420056036777
2010-09-16,-0.025205791875636763
2010-09-17,-0.0016107428545653055
2010-09-20,-0.010941483731143896
2010-09-21,-0.0014047510278665245
2010-09-27,0.027905366589218827
2010-09-28,-0.00412037653184838
2010-09-29,-0.013756608072671985
2010-09-30,0.015312232248883896
2010-10-08,0.023036065060222818
2010-10-11,0.0044438227026319934
2010-10-12,0.003523377297247832
2010-10-13,0.006389474553732288
2010-10-14,-0.03249897606588914
2010-10-15,0.0025434080385542397
2010-10-18,-0.011683168316831584
2010-10-19,0.030618730507162576
2010-10-20,0.0032618292318242763
2010-10-21,0.008261242661435908
2010-10-22,0.009128842732425646
2010-10-25,0.02471808208691928
2010-10-26,0.009532459737921384
2010-10-27,-0.010180834965601404
2010-10-28,0.0009642077899820745
2010-10-29,0.011181316867983293
2010-11-01,0.028490402121098986
2010-11-02,-0.0050887340670541245
2010-11-03,-0.014406736739875359
2010-11-04,0.025449839650143025
2010-11-05,0.015965813718274546
2010-11-08,0.02246351028000082
2010-11-09,0.006766228000967045
2010-11-10,0.0030913492515050045
2010-11-11,-0.008139489514730092
2010-11-12,-0.06046029677033449
2010-11-15,0.02818874434109153
2010-11-16,-0.035545672560499675
2010-11-17,-0.041948597849644775
2010-11-18,0.015764696191191918
2010-11-19,0.030133194766605483
2010-11-22,0.013704898416265987
2010-11-23,-0.01697411887591216
2010-11-24,0.02822542180032261
2010-11-25,0.010307234771805396
2010-11-26,-0.006114669541295248
2010-11-29,0.004036040682157571
2010-11-30,-0.026267602534471583
2010-12-01,0.001166532149583066
2010-12-02,0.004231129504418396
2010-12-03,-0.007418720724602369
2010-12-06,-0.016437643886732745
2010-12-07,0.013566155715666106
2010-12-08,-0.002873981996163621
2010-12-09,-0.02072379126503721
2010-12-10,0.014957800769844097
2010-12-13,0.027753804449745182
2010-12-14,0.012553917043394813
2010-12-15,-0.0025472736848969326
2010-12-16,-0.0026438245123006077
2010-12-17,0.0022017113388901333
2010-12-20,-0.01239552844432179
2010-12-21,0.0114772280740556
2010-12-22,-0.00923892814418048
2010-12-23,-0.02029475475979592
2010-12-24,-0.015381920547554497
2010-12-27,-0.02843088230815949
2010-12-28,-0.024565379214496752
2010-12-29,0.01734172963221403
2010-12-30,0.0033157182123670914
2010-12-31,0.022414258373582463
2011-01-04,0.015148126811426632
2011-01-05,0.003445676322728186
2011-01-06,-0.005465157853835168
2011-01-07,-0.0052264588906486545
2011-01-10,-0.029060867383939093
2011-01-11,-0.005328572534624265
2011-01-12,0.005985237330331961
2011-01-13,-0.0014115831329988284
2011-01-14,-0.02140795569364673
2011-01-17,-0.043085887235239984
2011-01-18,0.003772417743439061
2011-01-19,0.02405198718790813
2011-01-20,-0.03631615163469815
2011-01-21,0.00646876875408009
2011-01-24,-0.02392793945927529
2011-01-25,-0.012864854910600187
2011-01-26,0.019112100230566757
2011-01-27,0.017608565361595385
2011-01-28,0.0100821531808597
2011-01-31,0.01377554138928616
2011-02-01,0.0042768594145128356
2011-02-09,-0.004505483114426334
2011-02-10,0.0269552339113226
2011-02-11,0.011160393183484496
2011-02-14,0.01790108059528639
2011-02-15,-0.0005762961275486145
2011-02-16,0.01704010955940305
2011-02-17,0.007029142076380168
2011-02-18,-0.009232718727694156
2011-02-21,0.020547687391023528
2011-02-22,-0.02641738484507228
2011-02-23,0.014117230120912485
2011-02-24,0.00977574669259651
2011-02-25,0.0010076115846293645
2011-02-28,0.012400857813259723
2011-03-01,0.005344825961962618
2011-03-02,-0.002674701377722077
2011-03-03,-0.01951420506817736
2011-03-04,0.011693641525024834
2011-03-07,0.01393691438250788
2011-03-08,0.005349488775162392
2011-03-09,0.0030262876434816732
2011-03-10,-0.007325285523051228
2011-03-11,-0.0007129507196873552
2011-03-14,0.009784724770445896
2011-03-15,-0.011311094699324896
2011-03-16,0.0132569866849388
2011-03-17,-0.018314568837152656
2011-03-18,0.004466967364101349
2011-03-21,-0.007963043799666614
2011-03-22,-5.819774177040493e-05
2011-03-23,0.013670383411734656
2011-03-24,0.0027014722800855484
2011-03-25,0.008334068447655163
2011-03-28,-0.002454365549479309
2011-03-29,-0.01700127241731586
2011-03-30,-0.009118881786555844
2011-03-31,-0.012665106144777116
2011-04-01,0.012933760125685813
2011-04-06,-0.0014286064019571887
2011-04-07,0.0063092150008698935
2011-04-08,0.011601353386442527
2011-04-11,-0.00809159572941187
2011-04-12,0.0014336799658987154
2011-04-13,0.00992245709663542
2011-04-14,-0.0027758810053499787
2011-04-15,0.0022415635109338528
2011-04-18,0.003192110669134607
2011-04-19,-0.012116486647535174
2011-04-20,0.00708560978737105
2011-04-21,0.0069319219508596755
2011-04-22,-0.004430899801488475
2011-04-25,-0.021365415692907952
2011-04-26,-0.016656748638117502
2011-04-27,-0.011482581883936029
2011-04-28,-0.032172808897614084
2011-04-29,0.017127839078642015
2011-05-03,0.017305420493352486
2011-05-04,-0.02149933849127228
2011-05-05,0.0025818412093925325
2011-05-06,0.004714315426792792
2011-05-09,0.008237372238874219
2011-05-10,0.005880259799751375
2011-05-11,0.002198560018411566
2011-05-12,-0.013326536143307366
2011-05-13,0.007970936275069285
2011-05-16,-0.0003789853635771667
2011-05-17,-0.005458805323151461
2011-05-18,0.006613726760654748
2011-05-19,-0.005359964730262234
2011-05-20,-0.003423641342882089
2011-05-23,-0.03776496267363882
2011-05-24,-0.0015922549437155098
2011-05-25,-0.011414197885479704
2011-05-26,-0.009917406188863165
2011-05-27,-0.0315000715075765
2011-05-30,-0.018931588789436016
2011-05-31,0.02283703194993469
2011-06-01,0.010488997533006472
2011-06-02,-0.013559221642381993
2011-06-03,0.01720022961630474
2011-06-07,0.00912232845619676
2011-06-08,0.003445778739617822
2011-06-09,-0.023283509081361897
2011-06-10,0.0027641342419217896
2011-06-13,-5.8625448053906126e-05
2011-06-14,0.016145768415456008
2011-06-15,-0.009082923157523126
2011-06-16,-0.021679474204245985
2011-06-17,-0.014714651477700682
2011-06-20,-0.01351372849011867
2011-06-21,0.013945418209464266
2011-06-22,-0.003965266633812803
2011-06-23,0.01891109892833476
2011-06-24,0.0241297969673886
2011-06-27,0.013086414824868386
2011-06-28,0.0013764754479290706
2011-06-29,-0.013757201096431304
2011-06-30,0.0150252297162059
2011-07-01,0.005549717731756497
2011-07-04,0.02489713873468791
2011-07-05,0.006363744813684624
2011-07-06,0.002419872388736089
2011-07-07,0.00011237330959557036
2011-07-08,-0.0010160766085640651
2011-07-11,0.008999258716389624
2011-07-12,-0.014231302949106241
2011-07-13,0.019932075251557716
2011-07-14,0.008444033564753761
2011-07-15,0.006139947987789053
2011-07-18,-0.0001599250660174745
2011-07-19,-0.010531616298215085
2011-07-20,0.0011049392975004402
2011-07-21,-0.013336407470565859
2011-07-22,0.003459167609316083
2011-07-25,-0.038994046580064216
2011-07-26,0.004257292906173715
2011-07-27,0.016620077127413868
2011-07-28,-0.006258732046826809
2011-07-29,-0.011232460096332051
2011-08-01,0.0034876585888616862
2011-08-02,-0.007251431920424767
2011-08-03,0.0031209449674816088
2011-08-04,0.0052434795411977495
2011-08-05,-0.01944477005221079
2011-08-08,-0.05006494819717766
2011-08-09,-0.003155096402003177
2011-08-10,0.014266730011556428
2011-08-11,0.017287330617457464
2011-08-12,0.011559821605363174
2011-08-15,0.014610445093373281
2011-08-16,-0.008399028899195304
2011-08-17,-0.004375600139500446
2011-08-18,-0.017145066395479303
2011-08-19,-0.009260835134276555
2011-08-22,-0.007067091177535345
2011-08-23,0.016261151857751118
2011-08-24,-0.0015657547077490008
2011-08-25,0.02082056414914435
2011-08-26,0.0022680557881546988
2011-08-29,-0.00888769106107734
2011-08-30,-0.008559164287760157
2011-08-31,-0.004759502269456872
2011-09-01,-0.00800557404089508
2011-09-02,-0.011397318221852859
2011-09-05,-0.024604963386457342
2011-09-06,-0.007824554059879696
2011-09-07,0.024127281738387518
2011-09-08,-0.010729708912002534
2011-09-09,-0.006198600755136896
2011-09-13,-0.01640626697668357
2011-09-14,0.01148839849693406
2011-09-15,0.0008003078728120451
2011-09-16,-0.00016225833234495557
2011-09-19,-0.019676066523425798
2011-09-20,0.0048321770814045975
2011-09-21,0.029683868713014983
2011-09-22,-0.028840067610209293
2011-09-23,-0.008204874993978595
2011-09-26,-0.016103513217824772
2011-09-27,0.004148170088302372
2011-09-28,-0.016825249107044304
2011-09-29,-0.032182253932839355
2011-09-30,-0.003676512376455055
2011-10-10,-0.006287809567862457
2011-10-11,-0.003822493324987408
2011-10-12,0.03476441534895769
2011-10-13,0.012959370028514215
2011-10-14,-0.004163071457147449
2011-10-17,0.002993079632529705
2011-10-18,-0.030045875518904808
2011-10-19,-0.005894985432125299
2011-10-20,-0.029500522680764637
2011-10-21,-0.018386464371179082
2011-10-24,0.017722060247378883
2011-10-25,0.02842378367384635
2011-10-26,0.010776017973560979
2011-10-27,0.0011847420058233027
2011-10-28,0.023092873423241844
2011-10-31,0.005167889816025006
2011-11-01,0.00011726870435846416
2011-11-02,0.018238270566931503
2011-11-03,0.0060982900872894605
2011-11-04,0.008178409993317981
2011-11-07,-0.003960901738749523
2011-11-08,-0.013904067958161459
2011-11-09,0.016869272258786427
2011-11-10,-0.014937458843340525
2011-11-11,-0.0005479322630734806
2011-11-14,0.023983147815537897
2011-11-15,0.007957078224728686
2011-11-16,-0.024886796345522492
2011-11-17,-0.002149292020224402
2011-11-18,-0.028502751293284386
2011-11-21,0.0008523290686601738
2011-11-22,-0.002194806884221357
2011-11-23,-0.0038492343219813647
2011-11-24,-0.001882468717463559
2011-11-25,-0.006077596141360386
2011-11-28,0.00100783462308196
2011-11-29,0.016683276726318086
2011-11-30,-0.040364586604391565
2011-12-01,0.020177531491315737
2011-12-02,-0.02052286632423384
2011-12-05,-0.03269915099156662
2011-12-06,-0.00011456500372264421
2011-12-07,0.002789693060628373
2011-12-08,-0.0005440151178938146
2011-12-09,-0.009795980583169772
2011-12-12,-0.013034401310318078
2011-12-13,-0.03475773674693117
2011-12-14,-0.01917430666972264
2011-12-15,-0.027427986892846427
2011-12-16,0.0293247636710392
2011-12-19,0.002226589877375673
2011-12-20,-0.003026919700888975
2011-12-21,-0.02395918991907597
2011-12-22,-0.013067552337376552
2011-12-23,0.008691239400446804
2011-12-26,-0.0058069468178398856
2011-12-27,-0.02536945991501993
2011-12-28,-0.005194860781825184
2011-12-29,-6.796784559692792e-05
2011-12-30,0.01858142711621213
2012-01-04,-0.022817916752760792
2012-01-05,-0.03692273185487027
2012-01-06,0.004286409434394178
2012-01-09,0.04060117646830208
2012-01-10,0.04123590371825614
2012-01-11,0.0004038391924889861
2012-01-12,-0.0002778821910981444
2012-01-13,-0.03350785997539607
2012-01-16,-0.031896269939614134
2012-01-17,0.05568400266022877
2012-01-18,-0.020281523081019603
2012-01-19,0.010165072399850315
2012-01-20,0.013708719519745394
2012-01-30,-0.006995409281509214
2012-01-31,0.0006332749060034004
2012-02-01,-0.008577948540807845
2012-02-02,0.018957306794308067
2012-02-03,0.016494734466835137
2012-02-06,0.008677081331934122
2012-02-07,-0.016283823285922927
2012-02-08,0.02641831390135585
2012-02-09,0.00706018249785223
2012-02-10,0.0052979296487509755
2012-02-13,0.009072225476022487
2012-02-14,0.00134947974004751
2012-02-15,0.01518572897825998
2012-02-16,-0.0002646619802584293
2012-02-17,-0.0033255041230548787
2012-02-20,0.002566960591881884
2012-02-21,0.012265915559785512
2012-02-22,0.019540104723154702
2012-02-23,0.003221465739803975
2012-02-24,0.015114480632756113
2012-02-27,0.001996632794979858
2012-02-28,-0.004979908753917739
2012-02-29,-0.013198489953491932
2012-03-01,0.005283614491210287
2012-03-02,0.02119212320352215
2012-03-05,0.0010439024081703163
2012-03-06,-0.00994951264711219
2012-03-07,-0.007413208317323061
2012-03-08,0.01583837145535405
2012-03-09,0.014842713024618481
2012-03-12,0.005980081640120315
2012-03-13,0.01006013763458635
2012-03-14,-0.04494734613039575
2012-03-15,-0.012131535699834715
2012-03-16,0.026457747246283247
2012-03-19,0.011376645697201315
2012-03-20,-0.02178031885559584
2012-03-21,0.003673773798249069
2012-03-22,-0.004696483847143385
2012-03-23,-0.019308259859747268
2012-03-26,-0.0010490094489866706
2012-03-27,-0.0036557501488565522
2012-03-28,-0.04458651210717257
2012-03-29,-0.01842546447614568
2012-03-30,-0.0025822444567565887
2012-04-05,0.033566822833622334
2012-04-06,0.0063649123939664145
2012-04-09,-0.011568004407394694
2012-04-10,0.011706520569532808
2012-04-11,0.003499681207685512
2012-04-12,0.020729425909497223
2012-04-13,0.009510200370453026
2012-04-16,0.00284433207039525
2012-04-17,-0.01463174006323742
2012-04-18,0.02270762174671126
2012-04-19,-0.002508064038427405
2012-04-20,0.008545889618741587
2012-04-23,-0.011987854505649098
2012-04-24,-0.006820667823535409
2012-04-25,0.014323606703587675
2012-04-26,-0.005077561684052157
2012-04-27,-0.009564792482651407
2012-05-02,0.014632004579988587
2012-05-03,0.00418394737967409
2012-05-04,0.006478091046800305
2012-05-07,0.007065452830811393
2012-05-08,-0.0002864272585739736
2012-05-09,-0.017444823167714896
2012-05-10,0.0036748110946422936
2012-05-11,-0.0042201680938031005
2012-05-14,-0.0014232710741955976
2012-05-15,-0.0011358193599790847
2012-05-16,-0.012296934360852664
2012-05-17,0.014718417446381691
2012-05-18,-0.015704113902750172
2012-05-21,-0.0006324096833083548
2012-05-22,0.01574059831188657
2012-05-23,-0.0005755775648703665
2012-05-24,-0.008311316585776106
2012-05-25,-0.01157583563003972
2012-05-28,0.014286555196016069
2012-05-29,0.015789480820782797
2012-05-30,0.001746279311782839
2012-05-31,0.0003661833171251239
2012-06-01,-0.0024392628609442024
2012-06-04,-0.032749649680312354
2012-06-05,-0.0011579851830908485
2012-06-06,-0.004823897740333871
2012-06-07,-0.005284760717778614
2012-06-08,-0.004741231625598363
2012-06-11,0.018561466691431768
2012-06-12,-0.006038871568685211
2012-06-13,0.018424832563876725
2012-06-14,-0.006032858260485052
2012-06-15,-0.0010159594054268695
2012-06-18,0.009792562004760752
2012-06-19,-0.0072648529999643765
2012-06-20,-0.005978198765540732
2012-06-21,-0.01244551152474227
2012-06-25,-0.027213989384647697
2012-06-26,-0.0009000559958500797
2012-06-27,-0.003887996809143535
2012-06-28,-0.013975364766397824
2012-06-29,0.012587012324746459
2012-07-02,0.01110296416126344
2012-07-03,0.0017880024607472844
2012-07-04,-0.0051283101492756175
2012-07-05,-0.022742061463547403
2012-07-06,0.0199941372686574
2012-07-09,-0.025165593684982168
2012-07-10,-0.009750485832520472
2012-07-11,0.01142092275969242
2012-07-12,0.013571265742762462
2012-07-13,-0.004410628402963024
2012-07-16,-0.03609664276040992
2012-07-17,0.00700585215317373
2012-07-18,0.005567008948842434
2012-07-19,0.01187289134491043
2012-07-20,-0.006703597417480611
2012-07-23,-0.009512708488319976
2012-07-24,0.006960755646738592
2012-07-25,-0.008629640979563202
2012-07-26,-0.008928043552310359
2012-07-27,-0.005675982092676168
2012-07-30,-0.02014257556968102
2012-07-31,-0.01810749624236829
2012-08-01,0.018040055811739286
2012-08-02,-0.006318357407412156
2012-08-03,0.020023699388866282
2012-08-06,0.02374675445786556
2012-08-07,0.009284543310439377
2012-08-08,-0.003493503455204605
2012-08-09,0.014471388967923328
2012-08-10,-0.0027045060612770344
2012-08-13,-0.022895305415523537
2012-08-14,0.00948886410897809
2012-08-15,-0.011567403126058973
2012-08-16,-0.007252240293170399
2012-08-17,-1.5212235018102758e-05
2012-08-20,0.0008096074636012585
2012-08-21,0.014079604455349504
2012-08-22,-0.008886149544046096
2012-08-23,0.006617745139228415
2012-08-24,-0.018702279754446386
2012-08-27,-0.024930881093433555
2012-08-28,0.0052324962448939685
2012-08-29,-0.006701982790965122
2012-08-30,-0.01573969819533649
2012-08-31,0.0031970014331386127
2012-09-03,0.019368052237617398
2012-09-04,-0.011086439859188446
2012-09-05,0.005363328031304127
2012-09-06,0.011357093469105628
2012-09-07,0.03627294017034522
2012-09-10,0.00868004534195399
2012-09-11,-0.0040186050383441705
2012-09-12,0.007771139146195426
2012-09-13,-0.013868870852415838
2012-09-14,0.0026248768884982177
2012-09-17,-0.030057776454312287
2012-09-18,-0.0041526340888482505
2012-09-19,0.00980287253598422
2012-09-20,-0.0289026022569725
2012-09-21,-0.00570978912714204
2012-09-24,0.0074596575383862876
2012-09-25,-0.00718403642883958
2012-09-26,-0.023031044317404104
2012-09-27,0.022491291472723333
2012-09-28,0.01867827710324033
2012-10-08,-0.005121334403416332
2012-10-09,0.02583806757943252
2012-10-10,0.009586549800542963
2012-10-11,-0.014825338656680676
2012-10-12,-0.0023540314250573013
2012-10-15,-0.005311074346091349
2012-10-16,0.0031149274833093266
2012-10-17,0.002334817608032003
2012-10-18,0.01668025393902339
2012-10-19,-0.0028499150943824825
2012-10-22,0.003969934057638902
2012-10-23,-0.011951233413612485
2012-10-24,-0.00035163437879615067
2012-10-25,-0.00974517184425272
2012-10-26,-0.01948966143156661
2012-10-29,-0.0013757806338010605
2012-10-30,0.0005520834025811716
2012-10-31,0.0023444270185564164
2012-11-01,0.018968169219566237
2012-11-02,0.0066173304545271705
2012-11-05,-0.004369833133921364
2012-11-06,-0.0068283141988876314
2012-11-07,-0.001281875727454418
2012-11-08,-0.024795731941974486
2012-11-09,-0.004022919457254193
2012-11-12,0.006201519548742374
2012-11-13,-0.02046578333505511
2012-11-14,0.002972864675577558
2012-11-15,-0.017658394926221566
2012-11-16,-0.005844701609993841
2012-11-19,0.0023282299038966947
2012-11-20,-0.0039706129550862715
2012-11-21,0.010351899335027335
2012-11-22,-0.01324061487532302
2012-11-23,0.003460994366452086
2012-11-26,-0.011690726774179929
2012-11-27,-0.03573820086233048
2012-11-28,-0.022216566131398
2012-11-29,-0.009412837609358404
2012-11-30,0.01530112004429429
2012-12-03,-0.023961309709780162
2012-12-04,0.012468653765149272
2012-12-05,0.03692374682583832
2012-12-06,-0.000636826593989559
2012-12-07,0.022828382705554432
2012-12-10,0.017638846000922692
2012-12-11,-0.006729662041328632
2012-12-12,0.000287723753004343
2012-12-13,-0.013278755298980816
2012-12-14,0.04177487942007496
2012-12-17,0.008363362055892054
2012-12-18,-0.0017112593491005468
2012-12-19,0.0040523763487403395
2012-12-20,0.0031518909409595786
2012-12-21,-0.0025044550092316875
2012-12-24,0.005360723413888158
2012-12-25,0.022898305095618632
2012-12-26,0.012413266739581985
2012-12-27,-0.009042099313185779
2012-12-28,0.01116243540749262
2012-12-31,0.012569566904004235
2013-01-04,-0.005375382342346691
2013-01-07,0.009243609531616848
2013-01-08,0.011759933267829759
2013-01-09,0.00238860969510446
2013-01-10,0.006405722121255675
2013-01-11,-0.02537607818016585
2013-01-14,0.03471714632552958
2013-01-15,0.019480640343659598
2013-01-16,-3.535532975795785e-05
2013-01-17,-0.01232785402949088
2013-01-18,0.016614622792928024
2013-01-21,0.007642052793287669
2013-01-22,-0.01595131880237921
2013-01-23,0.001837031361976216
2013-01-24,-0.02092339786939468
2013-01-25,-0.0016829231523456392
2013-01-28,0.025484971883684482
2013-01-29,0.009486073661209904
2013-01-30,0.005185614206268507
2013-01-31,-0.00598186927987321
2013-02-01,0.0080672184865207
2013-02-04,-0.006655911308492191
2013-02-05,0.010413384143209026
2013-02-06,0.006742796634481296
2013-02-07,0.003747335574436628
2013-02-08,0.014313312628753572
2013-02-18,0.005317036658926799
2013-02-19,-0.018308462264483797
2013-02-20,0.020783650726394542
2013-02-21,-0.02064656328439296
2013-02-22,-0.003358970563576147
2013-02-25,0.011055536109941588
2013-02-26,-0.015158656779612591
2013-02-27,0.0007619146814052957
2013-02-28,0.020448282415546082
2013-03-01,0.011147666744544926
2013-03-04,-0.0355509861523694
2013-03-05,0.02250962495705111
2013-03-06,0.015567875012298725
2013-03-07,-0.012122276975993662
2013-03-08,-0.010876430890615074
2013-03-11,0.00020305961830380248
2013-03-12,-0.02518268155094849
2013-03-13,-0.009142028194503382
2013-03-14,0.0044947598822966395
2013-03-15,0.0018355751786367505
2013-03-18,-0.012702760475153618
2013-03-19,0.003195686173813605
2013-03-20,0.02609020404459228
2013-03-21,0.01055850548164683
2013-03-22,0.004179499694251465
2013-03-25,-0.003183590694764149
2013-03-26,-0.006924713670053428
2013-03-27,0.002383027090602008
2013-03-28,-0.029074472933687038
2013-03-29,-0.0004905802503176737
2013-04-01,0.0068677234403307095
2013-04-02,-0.01223292691359168
2013-04-03,-0.00912002333381945
2013-04-08,0.004090977595878176
2013-04-09,0.009744864604984249
2013-04-10,-0.0020624955906318747
2013-04-11,-0.004087549788829192
2013-04-12,-0.008383926581341572
2013-04-15,-0.014042056646055843
2013-04-16,0.01082510096804423
2013-04-17,0.008671090050755614
2013-04-18,0.0031051313790582125
2013-04-19,0.0211012990898074
2013-04-22,0.004686942992788268
2013-04-23,-0.02710284472369473
2013-04-24,0.01993853852347871
2013-04-25,-0.015257845448847672
2013-04-26,-0.018544903379115296
2013-05-02,0.0046416526563899385
2013-05-03,0.01928298119228056
2013-05-06,0.01908491463301476
2013-05-07,0.00199746361955766
2013-05-08,0.009192449645418764
2013-05-09,0.0005405408447405335
2013-05-10,0.006062823541124418
2013-05-13,0.003754479252246145
2013-05-14,-0.011544916143053864
2013-05-15,0.013468278137989342
2013-05-16,0.010744470693941244
2013-05-17,0.015304661617738137
2013-05-20,0.012555944236859906
2013-05-21,0.013192703199894629
2013-05-22,-0.008234622169868587
2013-05-23,-0.008425469012006248
2013-05-24,0.015531268351113738
2013-05-27,0.010141533567191052
2013-05-28,0.0019251774736175344
2013-05-29,0.007455231254026362
2013-05-30,0.00228585861283781
2013-05-31,-0.0061876250603472025
2013-06-03,-0.006953002927717057
2013-06-04,-0.01960566363700711
2013-06-05,0.004124368536287726
2013-06-06,-0.017685587891609122
2013-06-07,-0.01966147753593639
2013-06-13,-0.027974039118303432
2013-06-14,0.019893884866502683
2013-06-17,0.002341158021053502
2013-06-18,0.0034471809340030912
2013-06-19,-0.006228926067695095
2013-06-20,-0.03301260458940336
2013-06-21,-0.0053451597747072865
2013-06-24,-0.061953301379986565
2013-06-25,-0.004277192246614714
2013-06-26,0.020714887917060887
2013-06-27,-0.01600697299728715
2013-06-28,0.0008524004847176857
2013-07-01,0.021203172580283255
2013-07-02,0.016480708202618818
2013-07-03,0.0015275138558397128
2013-07-04,0.007818835117223033
2013-07-05,-0.005591820410513093
2013-07-08,-0.03887019806147307
2013-07-09,0.005997265217435599
2013-07-10,0.031130911242668983
2013-07-11,0.02811005549779177
2013-07-12,-0.008897578738175205
2013-07-15,0.01994257160666657
2013-07-16,0.012272140849094226
2013-07-17,-0.014489384848004104
2013-07-18,-0.0011113106923985594
2013-07-19,-0.0249612130985829
2013-07-22,0.019731573994801854
2013-07-23,0.02417746493278061
2013-07-24,0.0060130336934121065
2013-07-25,-0.019078693159991226
2013-07-26,-0.0011671576751980384
2013-07-29,-0.019336841855221887
2013-07-30,-0.004486672330212493
2013-07-31,0.005723467182845665
2013-08-01,0.02635260058826905
2013-08-02,0.003537762641317333
2013-08-05,0.016676717769283478
2013-08-06,0.010740596202461816
2013-08-07,-0.009585461691751562
2013-08-08,0.0026504886386575772
2013-08-09,0.0035758559008278725
2013-08-12,0.015875950329727658
2013-08-13,0.005265498701782612
2013-08-14,-0.003915517898273491
2013-08-15,-0.01351803627303061
2013-08-16,-0.02119696936734594
2013-08-19,0.01538397478243536
2013-08-20,-0.002602085658520714
2013-08-21,0.007740780528703306
2013-08-22,0.002472225369476
2013-08-23,-0.0023371572808678076
2013-08-26,0.02084443917672973
2013-08-27,0.007696580050777779
2013-08-28,-0.007550176871025327
2013-08-29,-0.0007659452687962531
2013-08-30,-0.009979511402473218
2013-09-02,0.007044202363004849
2013-09-03,0.014881466162632197
2013-09-04,0.0027685866882998234
2013-09-05,0.0019519396768088448
2013-09-06,0.008043174756396487
2013-09-09,0.010307601285793888
2013-09-10,0.010176603051154087
2013-09-11,-0.009471901146057449
2013-09-12,0.002819319931001152
2013-09-13,0.0012358689105107512
2013-09-16,0.001139533796385317
2013-09-17,-0.0176210047877553
2013-09-18,0.009463348310167373
2013-09-23,0.02027721242879932
2013-09-24,0.0009983011186973645
2013-09-25,-0.003662593588655172
2013-09-26,-0.020828078424959703
2013-09-27,0.0038185859205464015
2013-09-30,0.01311487674605627
2013-10-08,0.016828505202699958
2013-10-09,0.010916520486695449
2013-10-10,-0.005382488775596772
2013-10-11,0.01699300187138708
2013-10-14,0.010281813675775629
2013-10-15,0.0014165552365594802
2013-10-16,-0.027213731286279685
2013-10-17,-0.0015762467412795411
2013-10-18,0.0034561842219984484
2013-10-21,0.02477987811036053
2013-10-22,-0.010448919927658396
2013-10-23,-0.025405834721630268
2013-10-24,-0.00664157632384943
2013-10-25,-0.019593110178248385
2013-10-28,-0.003421443259801316
2013-10-29,-0.02752721858333396
2013-10-30,0.016359419632491434
2013-10-31,-0.013447903320880859
2013-11-01,-0.0030652999909258627
2013-11-04,0.006952972967863014
2013-11-05,0.013201051019959165
2013-11-06,-0.010668173168662864
2013-11-07,-0.013932171043583021
2013-11-08,-0.014952347871393544
2013-11-11,0.004380237689879164
2013-11-12,0.009516599741074659
2013-11-13,-0.018686408718730063
2013-11-14,0.0133093007287306
2013-11-15,0.020935945112204646
2013-11-18,0.024469737601339414
2013-11-19,0.0032610723110064748
2013-11-20,0.009951918632734149
2013-11-21,-0.0033966004088089585
2013-11-22,-0.005860697830243122
2013-11-25,-0.0008207650967170245
2013-11-26,0.0015819347942833686
2013-11-27,0.011461964034411576
2013-11-28,0.008460944198285025
2013-11-29,0.006046143107774071
2013-12-02,-0.044475662904487456
2013-12-03,0.02362587894289514
2013-12-04,0.018923277602977292
2013-12-05,-0.0010867028155111538
2013-12-06,-0.0025303380945060905
2013-12-09,0.007380097341445069
2013-12-10,0.0007047134232960327
2013-12-11,-0.011063448902236206
2013-12-12,0.002606238385575832
2013-12-13,0.002162900737867845
2013-12-16,-0.0172513408708439
2013-12-17,-0.006140422503995269
2013-12-18,4.694802618665506e-06
2013-12-19,-0.010177762650151469
2013-12-20,-0.012653678251752455
2013-12-23,-0.001137976440898636
2013-12-24,0.006937434573299095
2013-12-25,0.010547395217930466
2013-12-26,-0.017151583595753972
2013-12-27,0.015399403494186004
2013-12-30,0.003217502540272088
2013-12-31,0.0042205579172112095
2014-01-02,0.00490533535852844
2014-01-03,-0.008202700760600812
2014-01-06,-0.027622974617405816
2014-01-07,0.006134364242832868
2014-01-08,0.0012167678809704707
2014-01-09,-0.01128402535441475
2014-01-10,-0.01823284108351064
2014-01-13,-0.004578582463814263
2014-01-14,0.019798893693833364
2014-01-15,0.006680541023918796
2014-01-16,0.0016644454284653332
2014-01-17,-0.011415028454783259
2014-01-20,-0.007568257979827964
2014-01-21,0.015362535588104187
2014-01-22,0.02673813845433704
2014-01-23,0.006960702198080425
2014-01-24,0.01494764325369391
2014-01-27,-0.00018569705161497477
2014-01-28,-0.002096113110251152
2014-01-29,0.00894210092905956
2014-01-30,-0.0058933848456548255
2014-02-07,0.01859646431681949
2014-02-10,0.029552481749999027
2014-02-11,0.0014106802335427382
2014-02-12,0.011036722578153356
2014-02-13,-0.014783735539626197
2014-02-14,0.01715790900701042
2014-02-17,0.0190086982603479
2014-02-18,-0.0011977938375098418
2014-02-19,7.010957770514636e-05
2014-02-20,-0.0140026340341739
2014-02-21,-0.006544597573770017
2014-02-24,-0.003912014725187318
2014-02-25,-0.03515838113572256
2014-02-26,0.006573621353250792
2014-02-27,-0.013229658832144664
2014-02-28,0.010471374507049713
2014-03-03,0.020842927527126243
2014-03-04,0.00018921853484243909
2014-03-05,-0.005365843204459986
2014-03-06,-0.0012452374867006901
2014-03-07,-0.005036010113183109
2014-03-10,-0.037932712880693435
2014-03-11,0.001040348744794306
2014-03-12,0.00036281202610588537
2014-03-13,0.010731409005753756
2014-03-14,-0.004650709238917639
2014-03-17,0.020101697748121428
2014-03-18,0.005558398346420025
2014-03-19,-0.002137771448468051
2014-03-20,-0.02615010074929536
2014-03-21,0.01955693913549528
2014-03-24,0.008468036571271266
2014-03-25,0.0013254350816549465
2014-03-26,0.002595245874365881
2014-03-27,-0.014359108154887834
2014-03-28,-0.0199665622391636
2014-03-31,-0.006405461937575296
2014-04-01,0.015349940737438672
2014-04-02,0.000655214222995415
2014-04-03,-0.0014769186295486847
2014-04-04,0.011023078423521905
2014-04-08,0.01076251215656665
2014-04-09,0.009273098295293993
2014-04-10,0.005049835176744288
2014-04-11,-0.004369076269423955
2014-04-14,0.0074942914965057126
2014-04-15,-0.007262800117492252
2014-04-16,-0.0005029953459877445
2014-04-17,-0.0012296377780148804
2014-04-18,0.0035671765954161656
2014-04-21,-0.015865188215608783
2014-04-22,-0.004581703900576439
2014-04-23,-0.004560483728971221
2014-04-24,-0.011289158417252755
2014-04-25,-0.0216561371968933
2014-04-28,-0.030543999877916676
2014-04-29,0.014745997726207438
2014-04-30,0.007286584436279275
2014-05-05,0.00852802714694234
2014-05-06,0.005184440990256611
2014-05-07,-0.01781439399892082
2014-05-08,0.0010789434034716994
2014-05-09,-0.010119576101401906
2014-05-12,0.02603213866871612
2014-05-13,-0.0015390433906373735
2014-05-14,-0.0008108981346979237
2014-05-15,-0.01878803923336725
2014-05-16,-0.0015221026397134185
2014-05-19,-0.0057134331690394955
2014-05-20,0.0027921683267824182
2014-05-21,0.008510890247086067
2014-05-22,-0.00031862652221548165
2014-05-23,0.01079057376392778
2014-05-26,0.010807690245745237
2014-05-27,-0.002394521522868676
2014-05-28,0.011331155413294214
2014-05-29,-0.010286182782834441
2014-05-30,0.0019286385423666894
2014-06-03,-0.0017032109260379789
2014-06-04,-0.008742998433574511
2014-06-05,0.011284687860060538
2014-06-06,-0.003580846308312347
2014-06-09,-0.005474640373168027
2014-06-10,0.011215482896454354
2014-06-11,0.004695810098856335
2014-06-12,-0.0020575155693898233
2014-06-13,0.010764359383737654
2014-06-16,0.006019184609142414
2014-06-17,-0.009102726169041508
2014-06-18,-0.0054764413777174115
2014-06-19,-0.026542864763190455
2014-06-20,0.008959196356252752
2014-06-23,0.007003062800876814
2014-06-24,0.006112353143273186
2014-06-25,-0.0065568296336504526
2014-06-26,0.012564138195032548
2014-06-27,0.0070878701174277295
2014-06-30,0.009148121665390141
2014-07-01,0.006834054242869314
2014-07-02,0.006980241038978985
2014-07-03,0.010136681987580777
2014-07-04,-0.003753065878670414
2014-07-07,0.002478923407584377
2014-07-08,0.006281996608284768
2014-07-09,-0.014184939650326078
2014-07-10,-5.17275494902325e-05
2014-07-11,0.011941395179245308
2014-07-14,0.015150067584821068
2014-07-15,0.0005649258996156536
2014-07-16,-0.007572231697487886
2014-07-17,-0.007552462150911877
2014-07-18,0.0027486456452285872
2014-07-21,-0.0030374610298870013
2014-07-22,0.013161988783799929
2014-07-23,-0.006410275248770136
2014-07-24,-0.0007123291858027736
2014-07-25,0.00877554096062294
2014-07-28,0.019211692696050383
2014-07-29,0.009473480420298495
2014-07-30,0.001657373744671231
2014-07-31,0.0100143872739058
2014-08-01,-0.010999648817430874
2014-08-04,0.016300339721045276
2014-08-05,0.00497166643256941
2014-08-06,0.006623303535715275
2014-08-07,-0.009820956008650294
2014-08-08,0.005974442907171751
2014-08-11,0.015149719472402625
2014-08-12,0.00520628427847436
2014-08-13,0.00045524734499680086
2014-08-14,-0.00643031081085077
2014-08-15,0.011462662432685677
2014-08-18,0.013542705593317272
2014-08-19,0.002987368920657429
2014-08-20,0.0001025141996622292
2014-08-21,-0.0004355851015221957
2014-08-22,0.00585304219386784
2014-08-25,-0.007654112830602022
2014-08-26,-0.017729325258705853
2014-08-27,0.0030910330094375826
2014-08-28,-0.008983509499205344
2014-08-29,0.010586571612331452
2014-09-01,0.017968648194767844
2014-09-02,0.0152365798605949
2014-09-03,0.007088319362254403
2014-09-04,0.008533907685204012
2014-09-05,0.003999237502813058
2014-09-09,0.0075485259319991735
2014-09-10,0.0017461772861258054
2014-09-11,-0.0010545851310502783
2014-09-12,0.011053696304863971
2014-09-15,0.010638331417889946
2014-09-16,-0.03369883443871158
2014-09-17,0.008718243237716194
2014-09-18,0.007034073708607869
2014-09-19,0.008416597637342926
2014-09-22,-0.013553624740397896
2014-09-23,0.012833417372692946
2014-09-24,0.012880084265929126
2014-09-25,-0.0002024623575755946
2014-09-26,0.0031569754098617064
2014-09-29,0.009834500878376229
2014-09-30,0.007931217945497782
2014-10-08,0.015746567566814473
2014-10-09,0.002096712726926242
2014-10-10,-0.0044260582681738825
2014-10-13,0.00016620321795923765
2014-10-14,-0.003331138397180133
2014-10-15,0.004354337211037507
2014-10-16,-0.01633275571319659
2014-10-17,-0.009276342554508044
2014-10-20,0.014077715043742334
2014-10-21,-0.009156935461620108
2014-10-22,-0.011960424436898707
2014-10-23,-0.014584273197434938
2014-10-24,0.00408707799894481
2014-10-27,0.007299358740485706
2014-10-28,0.024001781467498432
2014-10-29,0.013563575707798314
2014-10-30,0.00017528905164621023
2014-10-31,-0.0012446345913876833
2014-11-03,0.008479436934263118
2014-11-04,-0.005016805542905956
2014-11-05,-0.001604286625082163
2014-11-06,0.005886364832908608
2014-11-07,-0.0094715302831051
2014-11-10,0.010798321564798208
2014-11-11,-0.02971993048699462
2014-11-12,0.01718822979915946
2014-11-13,-0.008803548728557486
2014-11-14,-0.0024507936430533395
2014-11-17,0.009951301620964026
2014-11-18,0.0018523874117517547
2014-11-19,0.0035127266388077505
2014-11-20,-0.002101261338536497
2014-11-21,0.011085657494653844
2014-11-24,0.016371712997783394
2014-11-25,0.01503916477687639
2014-11-26,0.004858160559229052
2014-11-27,0.007130322714274939
2014-11-28,-0.0011657868042150856
2014-12-01,-0.007078381329301164
2014-12-02,0.01334795403886102
2014-12-03,0.011624097587243698
2014-12-04,0.0211569384183008
2014-12-05,-0.02165642387089284
2014-12-08,0.014770077834346916
2014-12-09,-0.04014060333210534
2014-12-10,0.034394039657343445
2014-12-11,0.014950604724849768
2014-12-12,0.007105583466542775
2014-12-15,0.016456163984562622
2014-12-16,0.0041364016779865675
2014-12-17,-0.008812146482784056
2014-12-18,0.00013657745885309325
2014-12-19,-0.0061034050641907145
2014-12-22,-0.03962855997749515
2014-12-23,-0.02101462920687946
2014-12-24,0.013216533345450587
2014-12-25,0.019420545705210568
2014-12-26,0.010846736257920764
2014-12-29,-0.010163476065930488
2014-12-30,-0.017242596695715373
2014-12-31,0.009029048821014296
2015-01-05,-0.011468715281985009
2015-01-06,-0.0015265361840823832
2015-01-07,0.00811989338059238
2015-01-08,0.006466745226248349
2015-01-09,0.01440994287371078
2015-01-12,-0.013481734165067816
2015-01-13,0.004712683034006515
2015-01-14,-0.01271784120426378
2015-01-15,-0.012877430448560712
2015-01-16,0.04510275194792768
2015-01-19,-0.034832071695019784
2015-01-20,-0.024801779997270068
2015-01-21,-0.013789077136022176
2015-01-22,0.010094813172198291
2015-01-23,-0.02182504919708872
2015-01-26,-0.0025697043341872394
2015-01-27,0.00590548403209179
2015-01-28,0.006790494290242144
2015-01-29,0.012156986809943593
2015-01-30,0.004160702707549868
2015-02-02,-0.0171857052048926
2015-02-03,0.004215170214087349
2015-02-04,0.005182326748336852
2015-02-05,0.02157843529604131
2015-02-06,0.005415284431861123
2015-02-09,-0.013569972533931107
2015-02-10,-0.010826713384733178
2015-02-11,-0.006962264718840205
2015-02-12,-0.0152412644090969
2015-02-13,-0.017111739534794945
2015-02-16,-0.007001237333571608
2015-02-17,0.0007720258466128449
2015-02-25,-0.010556729753983474
2015-02-26,-0.008125994959178096
2015-02-27,-0.019761092883928466
2015-03-02,0.003454353374335861
2015-03-03,-0.01477597090438798
2015-03-04,0.00023079445474860627
2015-03-05,0.012385729328393547
2015-03-06,-0.012750642441787474
2015-03-09,-0.010236461968761157
2015-03-10,0.002170403066187321
2015-03-11,0.0004400862153655094
2015-03-12,-0.010970561061278139
2015-03-13,-0.02872422129691654
2015-03-16,-0.015304952180807185
2015-03-17,-0.01635149942004155
2015-03-18,-0.008019947915675951
2015-03-19,-0.009989056907438565
2015-03-20,-0.023692938761212923
2015-03-23,-0.0041113389590273774
2015-03-24,-0.011052689788672798
2015-03-25,0.007129189220287158
2015-03-26,-0.011390249645574335
2015-03-27,-0.012359676637779371
2015-03-30,-0.001048792351522887
2015-03-31,-0.023247401973650272
2015-04-01,-0.017844369953474937
2015-04-02,-0.015413705672996936
2015-04-03,-0.023434737954269425
2015-04-07,0.007080817269781159
2015-04-08,0.007984094294056554
2015-04-09,-0.025909595458558754
2015-04-10,-0.02101517279619458
2015-04-13,0.00036133187372011655
2015-04-14,0.04065388766289613
2015-04-15,-0.01381948734645011
2015-04-16,-0.008604694289766956
2015-04-17,0.017966936062075334
2015-04-20,-0.03362461783623605
2015-04-21,-0.02531889809329735
2015-04-22,-0.01037677825504002
2015-04-23,-0.0009967817206005813
2015-04-24,-0.011032635202377183
2015-04-27,0.029823202926806847
2015-04-28,-0.019193892353030706
2015-04-29,-0.004890271442592908
2015-04-30,-0.004795028624116404
2015-05-04,0.03794657231115073
2015-05-05,0.014393791215364438
2015-05-06,0.02271417722678537
2015-05-07,-0.0363131764710759
2015-05-08,-0.04170552794986071
2015-05-11,-0.02143458746137228
2015-05-12,-0.008980355536004847
2015-05-13,0.0013089170084665813
2015-05-14,0.0080646148267991
2015-05-15,-0.01805001238263859
2015-05-18,-0.02424570400356929
2015-05-19,-0.0164377017484878
2015-05-20,-0.03554257968652974
2015-05-21,-0.01625539172918944
2015-05-22,-0.02608731595035496
2015-05-25,-0.03214801447523419
2015-05-26,-0.011789653378855958
2015-05-27,0.06373013563259944
2015-05-28,-0.009874840032126353
2015-05-29,-0.04971868680464253
2015-06-01,-0.03656764403292179
2015-06-02,-0.008523687180042927
2015-06-03,0.0013296356451788505
2015-06-04,-0.01607157598532738
2015-06-05,0.01029832507170747
2015-06-08,0.0015598697626781899
2015-06-09,-0.017337523175286362
2015-06-10,-0.013920989170609022
2015-06-11,-0.015555318819077457
2015-06-12,0.018794852857479505
2015-06-15,0.041641237371137674
2015-06-16,-0.01988279860006925
2015-06-17,0.03440098104810385
2015-06-18,0.0744907838969262
2015-06-19,-0.005919250553405586
2015-06-23,-0.021499606043458908
2015-06-24,0.03649569457203117
2015-06-25,0.09121332090777123
2015-06-26,0.06994050425239018
2015-06-29,-0.04731406397021354
2015-06-30,0.05873933506183504
2015-07-01,0.07361871577899448
2015-07-02,0.0652043575614949
2015-07-03,0.016513266998341658
2015-07-06,0.06985553401847855
2015-07-07,0.02440941661857776
2015-07-08,-0.042628346879146295
2015-07-09,-0.04809393798017325
2015-07-10,-0.0585864203626989
2015-07-13,-0.020793835395072735
2015-07-14,0.061276465877771136
2015-07-15,-0.022888968643947072
2015-07-16,-0.052026967866211304
2015-07-17,-0.015006468305304055
2015-07-20,-0.012646494235115657
2015-07-21,-0.011992442525696423
2015-07-22,-0.027098955915523804
2015-07-23,0.015064563261788955
2015-07-24,0.08094372980865194
2015-07-27,0.018871032259582643
2015-07-28,-0.04649000349005339
2015-07-29,0.028487625279145945
2015-07-30,0.00951461487292704
2015-07-31,0.024780476936318907
2015-08-03,-0.0506024854887247
2015-08-04,0.013108246357474096
2015-08-05,0.00607158853341172
2015-08-06,-0.027615270574493422
2015-08-07,-0.04536167708471084
2015-08-10,-0.004888961072062381
2015-08-11,0.011874515674744623
2015-08-12,-0.023210688938804402
2015-08-13,-0.010528402687925098
2015-08-14,-0.022132632538439
2015-08-17,0.08077051733369922
2015-08-18,-0.02154542991351127
2015-08-19,0.036209657482256574
2015-08-20,0.05735133786073643
2015-08-21,0.08659628128840358
2015-08-24,0.08096695009264954
2015-08-25,0.038932248462378194
2015-08-26,-0.033692428032620625
2015-08-27,-0.05653167009845261
2015-08-28,0.03974588645725552
2015-08-31,0.06679947675634335
2015-09-01,0.0076210075867080285
2015-09-02,-0.003419841264673984
2015-09-07,-0.03628314974760216
2015-09-08,-0.02688898353078384
2015-09-09,0.017188613591581747
2015-09-10,-0.008163774463602502
2015-09-11,0.07331328856042929
2015-09-14,0.05987354656510213
2015-09-15,-0.0619260325661809
2015-09-16,0.020020417708087157
2015-09-17,-0.011838896913637598
2015-09-18,-0.03416719462949802
2015-09-21,-0.007225302695550995
2015-09-22,0.011459370883269537
2015-09-23,-0.014332291915738482
2015-09-24,0.03384367049856096
2015-09-25,-0.01789639033456647
2015-09-28,0.019018253132162766
2015-09-29,-0.0032855792139757645
2015-09-30,-0.03903654615385821
2015-10-08,-0.015078708819870057
2015-10-09,-0.03701151409792347
2015-10-12,-0.012255074918260278
2015-10-13,0.01153691724291761
2015-10-14,-0.029547251935277186
2015-10-15,-0.01678878931147809
2015-10-16,2.6960412182308602e-05
2015-10-19,-0.016016296941670616
2015-10-20,0.06693838879503744
2015-10-21,-0.03612136180233483
2015-10-22,-0.024365984284619446
2015-10-23,-0.0067513131805058135
2015-10-26,-0.006179958625114668
2015-10-27,0.02589623912950967
2015-10-28,-0.008449887958452584
2015-10-29,0.003387452593306639
2015-10-30,0.02141447401617258
2015-11-02,0.002359792488547896
2015-11-03,-0.047866053750761806
2015-11-04,-0.0011626548660405023
2015-11-05,-0.02288215822797568
2015-11-06,-0.01285161324531403
2015-11-09,-0.0041201265740903326
2015-11-10,-0.014269968651874465
2015-11-11,0.00028897031545938034
2015-11-12,0.015242278756354866
2015-11-13,-0.019658368798460946
2015-11-16,0.00894988222807247
2015-11-17,0.016399758733296688
2015-11-18,-0.024833454684904832
2015-11-19,-0.01122815377894959
2015-11-20,0.008017633887642095
2015-11-23,-0.006965442072193295
2015-11-24,-0.015636715229514375
2015-11-25,0.006134049946152409
2015-11-26,0.06750974767221796
2015-11-27,-0.004357216133038189
2015-11-30,-0.004775690325700799
2015-12-01,0.00514322441958126
2015-12-02,-0.021748865003810902
2015-12-03,0.00783314495977594
2015-12-04,-0.011912294155793646
2015-12-07,0.026753951167860057
2015-12-08,0.004050570429344091
2015-12-09,0.0032733758627305765
2015-12-10,0.008162453536697534
2015-12-11,-0.02020284826159824
2015-12-14,-0.00762184956882872
2015-12-15,-0.0041464127287698105
2015-12-16,-0.024215130406609497
2015-12-17,0.0021923871693398933
2015-12-18,-0.011451410787103211
2015-12-21,-0.008661496497853305
2015-12-22,0.010720056398328515
2015-12-23,0.0026105888786849274
2015-12-24,-0.005015323172641084
2015-12-25,0.02482586645903928
2015-12-28,-0.009255458740043299
2015-12-29,-0.008611234909992826
2015-12-30,0.01619388554798107
2015-12-31,0.09082824984964355
2016-01-04,0.013594126919157956
2016-01-05,-0.02489098605782092
2016-01-06,0.09336855331897298
2016-01-07,-0.016466197798317705
2016-01-08,0.07208264122989383
2016-01-11,-0.0013036407426840757
2016-01-12,0.03589104732581139
2016-01-13,-0.03278137153418381
2016-01-14,0.039218281277571876
2016-01-15,-0.01425510670005059
2016-01-18,-0.03520684708468014
2016-01-19,0.00954467703836448
2016-01-20,0.042742505367868944
2016-01-21,-0.015672314362581652
2016-01-22,-0.010050766966876568
2016-01-25,0.08087223646568176
2016-01-26,0.013623034389457223
2016-01-27,0.04609170914568317
2016-01-28,-0.03618491423681658
2016-01-29,0.012899390311659653
2016-02-01,-0.033499623207550955
2016-02-02,-0.004195951281333765
2016-02-03,-0.019456470255125757
2016-02-04,0.010114402740016182
2016-02-05,-0.000677482868857715
2016-02-15,-0.039727032306485444
2016-02-16,-0.01153496410395538
2016-02-17,0.0023971274758145533
2016-02-18,-0.0037444477148668165
2016-02-19,-0.02034824664303081
2016-02-22,0.005472366361914283
2016-02-23,-0.006633895376237153
2016-02-24,0.08620435296522433
2016-02-25,-0.004052087648302005
2016-02-26,0.055791777483304994
